,title,rating,calories,sodium,fat,protein,personal_rating
175,10-Minute Sausage Skillet with Cherry Tomatoes and Broccolini ,5.0,467.0,1050.0,36.0,21.0,"[['chickenwings from Calgary Alberta ', 5], ['maxandbebe@me.com from Pensacola, FL ', 5], ['mqfinn from Marblehead, MA ', 5], ['Mqfinn from Marblehead, MA ', 5], ['Trashpanda420 from San Diego, California  ', 5], ['goldieburkhart6498 from Columbus, OH ', 5], ['mrsmunch from CT ', 5], ['knipp_donna from NYC ', 5], ['meekk from California ', 5], ['manhattantart from Manhattan Beach, CA ', 5], ['jerirecipes from SC ', 5], ['cindyroche from Los Angeles, CA ', 5], ['charface from Portland, OR ', 5], ['speck30 from Richmond, VA ', 5], ['drloverde from Sherman Oaks, CA ', 4], ['kjwitbeck ', 5], ['jessilein from Boulder, CO ', 5], ['iybaron258790 ', 5], ['jessicashebby841 from San Diego, CA  ', 5], ['yummydishes from Rock Hall, MD ', 5], ['B&Gcooking from Victoria, BBC ', 5], ['souricette from Montréal, Québec, Canada  ', 5], ['hlargura from Indiana ', 5]]"
258,Arroz Caldo (Chicken Rice Porridge) ,4.5,989.0,1212.0,57.0,63.0,"[['ljennette from Grand Rapids, MI ', 3], ['anna nemas from phoenix ', 5], ['kgerwin from Brooklyn, NY ', 5], ['firesprite from Oakland, CA ', 4], ['michael211 from Boston, MA ', 5], ['jeneaby from Alpharetta, Ga ', 5], ['lisa_anna from New York ', 5], ['haute.house@icloud.com from Paris France ', 5], ['kayeshari ', 5], ['theresa54 from San francisco ', 5], ['rvj711 from NoVA (Northern VA) from Manila, Philippines ', 4], ['lisadorenwendt from Wilmette, IL ', 5], ['lrn7 from Toronto, Ontario  ', 5]]"
265,Baked Mustard-Crusted Salmon with Asparagus and Tarragon ,4.5,486.0,571.0,34.0,38.0,"[['lccmalone from Paris, France ', 5], ['kgockley from Stowe, VT ', 5], ['ninahaft from Oakland, CA ', 5], ['renientom from Boston, MA ', 5], ['mas030 from NYC ', 5], ['mura from Brooklyn NY ', 5], ['phil61 from Dallas, TX ', 5], ['cdj from Whidbey Island, WA ', 5], ['jabs52 from Northbrook, IL ', 5], ['karenfar from Huntington Beach, CA ', 5], ['sin1357 from amherst, ny ', 3], ['cwitzke from Florida', 5], ['suzwil from Alaska ', 3], ['jakesjag from Indianapolis, IN ', 5], ['lmeyer from Houston, TX ', 5], ['murphmar20938 ', 2], ['charface from Portland, OR ', 5], ['wabsci from carmel, in ', 4], ['edwardmoclair from Brooklyn ny  ', 5], ['mortimerstreet from Boston, MA ', 4], ['cwitzke from Monpazier, France ', 5], ['skfitz1000 from Virginia  ', 5], ['judyvenero from New York, NY ', 5], ['amyhenriott ', 5], ['czf2007 ', 5]]"
248,Baked Penne with Green Chiles ,4.5,723.0,806.0,36.0,30.0,"[['smilegrrrl ', 2], ['a2foodie from Ann Arbor, MI ', 4], ['hollisevon from Vero Beach, FL ', 5], ['smcdonaldmd from San Francisco, CA ', 5], ['amanda.bassa1822 from New York, NY ', 5], ['blairef from Boulder, CO ', 3], ['laholladay ', 4], ['oliveoil62 from Olympia, WA ', 4], ['karenfar from Huntington Beach, CA ', 5], ['delooper from Durham, NC ', 4], ['acetoner from Victoria, BC ', 5], ['janallan from Idaho  ', 5]]"
155,Basil-Cashew-Lime Vermicelli Bowls with Pork and Green Beans ,4.5,612.0,765.0,27.0,25.0,"[['charrynn from WI', 3], ['brittonholland from San Francisco, CA ', 5], ['m.reilly1008529 from Boston, MA ', 5], ['graceross from Mont Tremblant, Quebec ', 5], ['iminthekitchen from Atlanta ', 5], ['mllnmchine from NYC ', 5], ['AbigaelSarah ', 5], ['foureyes137 from Minneapolis, MN ', 5], ['nkjenkins4316 ', 4], ['rstarner3877 from Columbia, SC ', 5], ['AbigaelSarah from USA ', 5], ['delooper from Durham, NC ', 2], ['merseb from Chamonix, France ', 5], ['c3lestialwolf ', 5], ['iminthekitchen ', 5], ['kdc412 from Arizona ', 5], ['krf from Bellevue, WA ', 5], ['kjcarbonell from Chicago ', 5], ['stwebshop1 from Arizona ', 5], ['trent880 from Denver, CO ', 5], ['eezah ', 5], ['a.l.p.roland9804 from Zumbrota, MN ', 5], ['loyd7220 from Austin, TX ', 4], ['callie.maidhof6477 from Richmond, Indiana ', 5], ['ranibatra from Oakland, CAX ', 4]]"
161,Beef and Potato Pasties ,4.5,820.0,713.0,47.0,28.0,"[['kasan from Dallas, TX ', 3], ['dlnordel from Gardena, CA ', 5], ['sarahmlee from San Francisco area ', 5], ['gillyflower from St. Girons, France ', 5], ['ladylawton from Normal, IL ', 5], ['vnzjunk from U.P. Michigan ', 4], ['vnzjunk from U.P. Michigan ', 4], ['plhamill from Loveland, co ', 5], ['sarahmlee ', 4], ['cajonat from Edmonton, AB ', 5], ['jenniferfromtoronto ', 5], ['qliner from Sooke, BCSooke, BCSooke, BC ', 5], ['jmrupp from San Jose, CA ', 3], ['vnzjunk ', 4], ['chalkledge from North Hero, VT ', 4], ['marlyned from Kelowna, B.C. ', 5], ['sjp from Northport, NY ', 4], ['azyooper1 from Sun Lakes, AZ ', 5], ['bhjuli from Orange County, CA ', 5], ['vnzjunk from U.P. Michigan ', 4], ['imizrahi1 from Leiden, Netherlands ', 5], ['sbnelson from Kansas City ', 5], ['mitchwile from Calgary, Canada ', 4], ['earthmotherw from Poulsbo, WA ', 5], ['bobsmanor from Los Altos, CA ', 5]]"
73,Black-Eyed Peas With Chard and Green Herb Smash ,5.0,245.0,571.0,13.0,8.0,"[['cathbath from berkeley, ca ', 5], ['Vidkun from Austin, Texas ', 5], ['lcooks4m from Hartford, CT ', 5], ['altheavet from Los Angeles ', 5], ['Music girl ', 4], ['peterh1 from Tidewater Virginia ', 5], ['emersondog from Pittsburgh, PA ', 5], ['rocky0402 from North Carolina ', 5], ['kelli_doty from Califonia ', 5], ['rion999 from Livermore, Ca ', 5], ['splashowl ', 5], ['susanp130659 from Ellensburg ', 5], ['birgitlh from Philadelphia, PA ', 4], ['ellenrls from Baltimore ', 5], ['adamonte from San Francisco, CA ', 5], ['nmura from Glenview, IL ', 5], ['bas614 from Boston ', 5], ['kilpatrich2 from Denver, CO ', 5], ['lizgoldsmith1960 from Lincoln, Ma ', 5], ['ceceliafemenella12 from Ny ', 5], ['rehana6120 ', 5], ['guytonkristi from Ohio ', 5], ['little_bluestem from Altnata, GA ', 5], ['thistletree from San Francisco, California ', 5], ['photon99 ', 5]]"
262,Bourbon Pumpkin Pie ,4.0,256.0,113.0,15.0,3.0,"[['plhamill from Colorado ', 5], ['joeln from Lexington, MA ', 2], ['lmkrum from Stevensville, MT ', 5], ['joeln from Lexington, MA ', 2], ['dmull ', 2], ['Dilorenj1 ', 4], ['AJOT ', 1], ['pdzpdz from Southern New Jersey ', 1], ['Missy821 from Chicago, IL ', 5], ['orivia from los angeles ', 5], ['MPortera from Des Plaines, IL ', 5], ['A Cook from Lexington, KY ', 5], ['tiffanyrooprai from Gladstone, OR ', 3], ['A Cook from New York ', 4], ['bostonbean from Boston ', 5], ['jklawrence from Virginia ', 4], ['A Cook from New York ', 4], ['orivia from east los ', 5], ['bertie57 ', 2], ['kerrlm from Macomb, Il ', 2], ['tastysausagerecipe ', 3], ['andy02124 ', 5], ['knblue1 from atlanta, ga ', 5], ['mandamoose from Canaan, NY ', 5], ['A Cook ', 3]]"
231,Braised Chicken Thighs with Squash and Mustard Greens ,4.5,657.0,999.0,46.0,41.0,"[['tsestrich from Palm Springs, CA ', 5], ['ktaylorhurley from Seattle, WA ', 4], ['liafinney1 from Whidby Is, WA ', 4], ['robertylea ', 5], ['scunningham from White plains ny ', 4], ['sheila rae from Flagstaff Az ', 5], ['pinkcloud ', 5], ['pcclaudia from Montreal, Québec ', 5], ['bmtauscher6787 from Concord, NH ', 4], ['junkocooks from Boston, MA ', 5], ['pattyalbee from San Francisco, CA ', 4], ['lindald from San Francisco, CA ', 2]]"
36,"Braised Rotisserie Chicken with Bacon, Tomatoes, and Kale ",5.0,737.0,708.0,50.0,52.0,"[['502forestdrive4876 from Washington DC ', 5], ['cookninberkeley ', 5], ['moorloughmary from Edmonton, Alberta ', 4], ['camster6 from Nanaimo, BC ', 5], ['eeeshe706 from Florida ', 5], ['cookninberkeley ', 5], ['judekazmaier from Dallas, TX ', 5], ['nancybs from Scranton, PA ', 5], ['cathreno from New York, NY ', 5], ['pegemo from Ca wine country ', 5], ['carriewhittier from Penngrove, CA ', 5], ['JLott1 from From SC ', 5], ['bil from Augusta, GA ', 5], ['lindamaier from New Rochelle, NY ', 5], ['debbiekeithmiller from Leeds, Al ', 5], ['cdmarko from Texas ', 3], ['ealmanza from Austin, TX ', 5], ['zelda4epic from Florida ', 5], ['maxglider723 from Pittsburgh, PA ', 5], ['maxglider723 from Pittsburgh, PA ', 5], ['allisonlim from Singapore ', 5], ['philipmybeer from Magrathea ', 5]]"
241,Broiled Cod with Fennel and Orange ,4.5,526.0,715.0,23.0,43.0,"[['sglang1 from Pennsylvania ', 5], ['nellac from canada ', 5], ['mainiac from Maine Coast ', 5], ['jiff1 from Auckland, New Zealand  ', 5], ['alessandro368 from San Diego, CA ', 3], ['darz from San Pedro, CA ', 2], ['mertracy2348 from Baltimore, MD ', 5], ['pieceful2249 from Massachusetts  ', 5], ['barbarawipf from Cohasset, MA ', 5], ['taranelson from Oakland, CA ', 4], ['callyg from Manchester, NH ', 5], ['trueirv from Barrie, ON ', 5], ['bonrob from Hernando, FL ', 5], ['BriarBertoch ', 5], ['andy_andersen from Hamilton ON ', 4], ['smauters ', 5], ['bwaldo from Birmingham, AL ', 5], ['kpfromchicago from Wilmette, IL  ', 5], ['kimtn from Lake Tahoe, CA ', 5], ['mainers ', 5], ['suaustin from Santa Barbara, CA ', 5], ['bparle from Montauk, NY ', 3], ['bparle from Montauk, NY ', 3], ['saraware from Chicago, Il ', 5], ['staceye121 from Boston, MA ', 5]]"
177,Broiled Salmon with Scallions and Sesame ,4.5,588.0,745.0,39.0,48.0,"[['barb.nieman109721 from Indianapolis, IN ', 5], ['rossrenjilian7219 from Chicago, IL  ', 4], ['gretchencita from El Cerrito, CA ', 3], ['bwsteele from San Francisco, Ca ', 5], ['amelia32034 ', 3], ['coverby from Peekskill, NY ', 5], ['bwsteele from San Francisco, Ca ', 5], ['stacey.debonville7673 from NH ', 5], ['jellis14 from Arlington, MA ', 5], ['maryellenkleger from Philadelphia ', 5], ['WIGDOWT from Asheville, NC ', 5], ['pattywb from New York City ', 5], ['sin1357 from buffalo, ny ', 3], ['brezovar from Wisconsin ', 5], ['kaplan45 from Phoenix ', 5], ['desquestions ', 2], ['laurakolk from CT ', 5], ['cflynn327 from Scotland ', 5], ['cricketkris from Boston ', 5], ['climbnbike from San Jose ', 5], ['boshna from Detroit, MI ', 5], ['ktrautner ', 5], ['czf2007 ', 4], ['wowjooles from Erin, ON ', 5], ['rita1946 from San Jose, CA ', 5]]"
176,Brûléed Bourbon-Maple Pumpkin Pie ,4.0,486.0,413.0,28.0,8.0,"[['spiceisnice from Minneapolis, MN ', 4], ['Meglet from Cleveland Ohio ', 1], ['ssehy from Effingham IL ', 1], ['WineWErika1 ', 5], ['A Cook from Mike, WI ', 4], ['Robertas5 from Wisconsin ', 5], ['ednamode from Kensington, CA ', 5], ['ruthinky from Louisville, KY ', 5], ['nastysuprise from Mpls ', 2], ['fraukaiser from New York ', 3], ['agreekgrl from Gilroy, CA ', 5], ['neciedodge from Mequon, WI ', 1], ['opera_cook from New York, NY ', 3]]"
65,Butternut Squash Tart with Fried Sage ,4.5,467.0,1833.0,9.0,10.0,"[['chefrobinchicago from chicago ', 4], ['poneill from Tarrytown, NY ', 4], ['chapstick from Boulder, CO ', 5], ['kathiwojo from Monterey, CA ', 3], ['epi2020 from marblehead ma ', 4], ['zeqiri99 from Dallas, TX ', 4], ['vivzilla from Au ', 3], ['EugeniaBostwick from Southeast Michigan ', 1], ['joleec from Ivoryton, CT ', 4], ['mccon002 from Hillsborough, NC ', 5], ['JHMaurer from Tallahassee, FL ', 5], ['duntel from Saratoga CA ', 5], ['NHNonni from NH Seacoast ', 5], ['maryhunt from Boston, MA ', 1], ['dharrisxx6 from St. Gilgen, Austria ', 5], ['Branford from Branford, CT ', 2], ['A Cook from Wayland, MA ', 1], ['A Cook from san diego ', 5], ['Jill47 ', 5], ['cactuscook1 ', 4], ['CasaDeViolet from Newtown, PA ', 5], ['pastryslave from CA ', 5], ['cmkauf from Weston, FL ', 5], ['judisachs from San Francisco Bay Are ', 5], ['ThreeOrangeCats from Saint Louis ', 5]]"
203,Butternut Squash Vegducken ,4.0,646.0,843.0,52.0,15.0,"[['earthgirlnicole from Raleigh, NC ', 5], ['Mick455 ', 3], ['certs411 from San Diego, CA ', 2], ['blkeyedsusan ', 2], ['boettner_susan from Manhattan Beach California ', 5], ['jbissinger from California ', 2], ['raiderchikk2012 from Ohio ', 5], ['rgoon from Tacoma, WA ', 5], ['amielakitchen from NYC  ', 2], ['siankillingswor from San Rafael, CA ', 4], ['ruoxue from NYC  ', 1], ['mari_mari_mariana from Oakland, CA ', 5], ['emw25 from Los Angeles, CA ', 5], ['teebu2 from Yellow Springs, Ohio ', 5], ['suzanne_herndon from Herndon VA ', 2], ['deefac from Los Angeles, CA ', 3], ['bethcoyne from San Diego, CA ', 3], ['dayva_c_seg from Oakland, CA ', 3], ['rlecuyer_stl from St. Louis, MO  ', 5], ['adrade from Chicago, IL ', 5], ['aharris2006 from Martin, TN ', 1], ['bootbench from San Diego, CA ', 5], ['twang86 ', 1], ['jmsoth from Ann Arbor, MI ', 5], ['triggaboillies from England ', 1]]"
244,Butternut Squash and Creamed-Spinach Gratin ,4.5,264.0,513.0,16.0,7.0,"[['jberkin44168 from Oakland, CA ', 2], ['kwp1245 from Miami FL ', 5], ['winterfamily1009 from Colorado ', 5], ['hannahmattina from michigan ', 5], ['mailman1605 from Omaha ', 5], ['beckysantos23 from Sacramento, CA ', 5], ['sdmcrae from Denver CO ', 5], ['westsidecook from NYC ', 3], ['dsatter from Decatur, GA ', 5], ['jannaslaughter from CA ', 5], ['alecto07 ', 4], ['scunningham from White Plains,NY ', 4], ['garlicbutter from Mechanicsville, VA ', 5], ['drgonzo71 from NJ ', 5], ['BellaFoodie from Michigan ', 5], ['curi ', 3], ['atlcooks ', 5], ['atlcooks from Redlands, Ca ', 5], ['carterpotts from Scotts Valley, CA ', 5], ['carterpotts from Scotts Valley ', 1], ['A Cook from Denver CO ', 5], ['KDM7 from Paradise Valley, AZ ', 5], ['edankmeyer from williamstown, ma ', 5], ['A Cook from San Francisco ', 5], ['reinncolorranch from Idaho ', 5]]"
142,"Butternut Squash, Kale, and Crunchy Pepitas Taco ",5.0,233.0,363.0,17.0,7.0,"[['honeycakes from Sonoma ', 5], ['andy_andersen from Hamilton, ON ', 3], ['lnhalverson from Seattle, WA ', 5], ['abcooks4u from Boston, MA ', 5], ['wimzcal from Arlington, VA ', 5], ['cincisusan ', 5], ['cincisusan from Cincinnati ', 5], ['davidsylwester ', 5], ['fmnobil ', 5], ['Dimock14 from Oreogn ', 5], ['scott_dau from Stamford , CTStafmord CTStamford CT ', 5], ['mkhughes11 from San Francisco, CA ', 4], ['IndigoVelvet1 from Phoenix, AZ ', 5], ['tinaindenver from Denver, CO ', 1], ['guytonkristi ', 5], ['ddeboer05 from Modesto, CA ', 5], ['mainers ', 4], ['mrsimonalvin from Cleveland,Ohio ', 5], ['Tobya from Mokena, IL ', 1], ['graceleah from Oakland, CA ', 5], ['bkon1 from NY ', 5], ['A Cook ', 1], ['antwan from Wyoming ', 5], ['ellarcher from toronto, Canada ', 5], ['TahoeTwins from Truckee, CA ', 1]]"
106,Cacio e Pepe Pie ,4.0,1083.0,1145.0,64.0,52.0,"[['apctrave from Riverhead NY ', 5], ['molliemca from tx ', 4], ['loriltx from Houston ', 5], ['dylan_moench ', 2], ['janmurray from Orlando, FL ', 5], ['RWeaver59 from Boston, MA ', 4], ['kizzybelle from Ontario ', 5], ['Primanna from Buffalo, NY ', 5], ['svensvnset ', 2], ['Fotaku ', 4], ['sakillets from texas ', 4], ['loriltx from Houston ', 5], ['tmanton from NJ ', 3]]"
211,"Cheesy Baked Spaghetti Squash Boats with Salami, Sun-Dried Tomatoes, and Spinach ",4.0,719.0,1600.0,52.0,31.0,"[['Lcooks4M from Hartford, CT ', 2], ['lucille_benez ', 4], ['lucille_benez from Recent transplant from North Salem, NY to Doylestown, PA. ', 4], ['renofoodie from Reno NV ', 5], ['rlraeth from Wisconsin ', 2], ['skchildre from Valparaiso, IN ', 4], ['mberry4911 from Tampa, FL ', 5], ['jerirecipes from NMB, SC ', 4], ['jerirecipes from NMB, SC ', 4], ['schoharie from Middleburgh, NY ', 5], ['erchefnd from Laguna LLaguna CaliforniaLaguna niguel, CALaguna LlllllCalifornia ', 5], ['slthies from des  ', 5], ['erinkc from Boston, MA ', 4], ['nickyk from A cook from Atlantic Canada  ', 4], ['andresn9 ', 3], ['illnagas ', 2], ['illnagas from ny ', 1], ['kellyh500 from Denver, CO ', 4], ['rforsberg from Carrabassett Valley, ME ', 5], ['moonmooring from Arkansas ', 1]]"
141,Cheesy Chicken Enchilada Skillet ,4.5,420.0,843.0,20.0,35.0,"[['joannie123 from Tiburon, CA ', 5], ['lkaaha from San Jose, CA ', 5], ['JSharice from Michigan ', 5], ['drloverde from Sherman Oaks, CA ', 4], ['kendallpye9260 from Austin, TX ', 5], ['charmckob from Fort Collins, CO ', 5], ['om nomnom from Brooklyn, NY ', 4], ['Kalyani.1 from NZ ', 5], ['Francus from Charlotte, NC ', 5], ['bcheck68 from Cincinnati  ', 5], ['splaine ', 5], ['lovestoputter ', 4], ['juls14 from Culver City, CA ', 5], ['tmccauley14 from Greeley, CO ', 5], ['rbrandsix from Washington ', 5], ['tim_in_indy from Noblesville, IN ', 5], ['svalaitis from Maine ', 5], ['pnw_cook from Seattle WA ', 5], ['krf from Bellevue, WA ', 4], ['bonnieww from Roswell, GA ', 5], ['chrisfaist from Kirkland WA ', 4], ['vividkrose from Traveled the world! Currently live in Maryland  ', 3], ['dunsienda ', 5], ['marilynburrows from Laguna Niguel CA ', 5], ['richardschmidt332174 from yonkers ny ', 3]]"
100,Cheesy Delicata Squash and Kale Casserole ,4.5,890.0,1283.0,60.0,28.0,"[['birgitlh from Philadelphia, PA ', 4], ['charlottebell from Austin TX ', 4], ['justajusttg ', 5], ['robineverett from San Francisco ', 5], ['maryfflocco from Sparks Glencoe, MD ', 5], ['jansan1 from Orange County, CA. ', 5], ['leighshelton from Portland, OR ', 2], ['CKaty from D.C. ', 4], ['dixie246 from Boston, MA ', 5], ['foodexplorer from Anchorage, Ak ', 5], ['bmer from Toronto, Ontario ', 5], ['andreayung23 from Northern California ', 4], ['wmshenk from Oregon ', 5], ['urbanefarmboy from Seattle, WA ', 5]]"
9,Cheesy Kale and Mushroom Strata ,5.0,450.0,691.0,23.0,24.0,"[['vwallin1 from Worcester, Massachusetts ', 5], ['marlisa96 from Killingworth, CT ', 5], ['arizonamama from New Canaan, CT ', 5], ['leenieloo from Mundelein, IL ', 5], ['kncookspnw from Seattle ', 5], ['hcguy258073 from Laporte, CO ', 5], ['baumtm253125 from Columbus, OH ', 5], ['parisbois from NJ ', 5], ['annellewilliams from Martinsville, VA ', 5], ['dropdeadcookie from East Coast ', 5], ['Denise52 from A place that has better food available for cooking and eating ', 2], ['yazbeansaysmeow from Alexandria, VA ', 5], ['haneye from Seattle, WA ', 5]]"
79,Chicken and Dumplings with Mushrooms ,4.0,835.0,1813.0,52.0,57.0,"[['Joanna D from Denver, CO ', 2], ['czmarje from Lwisville, TX ', 4], ['judecottage from Ottawa canada ', 2], ['thompsonae from Pittsburgh ', 3], ['thompsonae from Pittsburgh, PA ', 3], ['cara_w from Seattle ', 4], ['pvHeather1 from Nuevo Vallarta, Mexico ', 5], ['pvHeather1 from Nuevo Vallarta, Mexico ', 1], ['JoshuaGilman from Boston, MA ', 5], ['jimpan from Connecticut ', 1], ['tsandstedt from Red Hook NY ', 5], ['Becky7221 from Brooklyn, NY ', 5], ['Gypsy_Girl ', 5], ['Debbie41 from NH ', 4], ['abare from NC ', 4], ['jheyn from Seattle ', 5], ['lbarzin from Boston, MA ', 5], ['A Cook from Charleston, SC ', 5], ['Madameoiseau from Grafton, Ontario ', 5], ['Pallyball from Toronto, ON ', 1], ['farmgirl07 from Florida ', 4], ['Mairi from PEI, Canada ', 2], ['abare from NC ', 1], ['Baltisraul from Tallahassee, Fl ', 3], ['ineptune49 from AR ', 1]]"
40,"Chickpea Crêpe ""Tacos"" with Eggplant and Lamb ",4.5,612.0,906.0,35.0,25.0,"[['xana2xana from Chile ', 5], ['kaydic ', 5], ['ncm209 from Boston, MA ', 5], ['nellybird from Minneapolis, MN  ', 5], ['jcrimbaud from NJ ', 4], ['jcrimbaud from NJ ', 4], ['lasharpgomez from Dayton OhioDayton Dayton Ohio ', 5], ['dementad from Seattle, WA ', 4], ['8005 from ATL ', 5], ['zhadu from Mexico ', 2], ['Shully from Vancouver BC ', 5], ['jenbill from Alameda, CA ', 5], ['Suzinsf from San Francisco, CA ', 5], ['Suzinsf from San Francisco, CA ', 5], ['sfmitch from San Francisco Bay Area ', 4], ['michellebohigian from Worcester, MA ', 5], ['sgweiss1 from Northern NJ ', 5], ['eileen_duclos from Portland,OR ', 5], ['msanza from Wilmington, NC ', 5], ['starlight99_ from Clarence Center, New York ', 5], ['dbradley3 from Chicago, Illinois ', 5]]"
189,Chickpea Salad Sandwich with Creamy Carrot-Radish Slaw ,4.5,694.0,912.0,53.0,14.0,"[['msofro from Chicago, IL ', 5], ['laurenhabiba from expat ', 5], ['vtgrammy from killington,vt ', 4], ['cjadewi from Boston,ma ', 5], ['marciaznelson from Chicago area ', 5], ['viking_kitten from Boston area ', 4], ['jraderj from NYC, NY ', 5], ['jraderj from NYC ', 5], ['Ellie_B from Brookline, MA ', 4], ['lulabell67 from Rochester, NY ', 3], ['jeanburton2 from Albany, NY ', 5]]"
270,Chile-Marinated Pork with Vietnamese Brussels Sprouts ,4.5,620.0,1289.0,34.0,61.0,"[['erinkellie11224151 ', 5], ['laura3015 from Kensington, CA ', 5], ['loriltx from Houston ', 3], ['sdangelo1 from San Francisco, CA ', 5], ['meklas from Tallahassee ', 5], ['malinsky from Calgary, Canada ', 5], ['charface from Portland, OR ', 5], ['krf from Bellevue, WA ', 5], ['mdmichelle from Excelsior, MN ', 4], ['ladyamn from NYCNYC ', 2], ['dbgraves from Bay Area, CA ', 5], ['scootermom from Virginia ', 4], ['missamy1977 from Texas ', 5], ['rfwilkinson from Memphis, TN ', 5], ['bugthecat from Ottawa ON ', 4], ['jfishma from Chapel Hill, NC ', 3], ['DonaldBishop from Grizzly Flats, CA ', 5], ['kathiebriggs from Northern MI ', 5], ['angietai ', 5], ['mgildea from Tustin, CA ', 5], ['A Cook from Norwell, MA ', 5], ['SheridanBax from Norwell, MA ', 1], ['gretchgly from Hanover, NH ', 1], ['slthomas from Bay Area, CA ', 5], ['katpages1 ', 1]]"
119,Chilled Coconut Corn Soup ,4.0,481.0,496.0,36.0,8.0,"[['dorrieb2000 from NYC ', 5], ['middleastmama from Nh  ', 5], ['jrnalls from Richton Park, IL ', 4], ['nicolewatkins from Halifax, Canada ', 5], ['c8ier1 from New Braunfels, TX ', 4], ['renofoodie from Reno NV ', 5], ['Mneoctober from DC ', 2], ['Mneoctober from DC ', 3], ['Akimbo from VVViV ', 3], ['elwood from Kansas City, MO ', 5], ['a_putterer from MA ', 5], ['gdberkley ', 2], ['grammyles from Vancouver, BC ', 4], ['charlottebell from Austin, TX ', 5], ['anyccook ', 4], ['blondoverblue from Sacramento, CA ', 4], ['blondoverblue from Sacramento, CA ', 4], ['blondoverblue from Sacramento, CA ', 4], ['angiedavid from Los Angeles, CA ', 5], ['cjdrisc from Jacksonville FL ', 4], ['nancydea from Melbourne, FL ', 5], ['Vicki6 from Washington, DC ', 5], ['marilynburrows from Laguna Niguel, CA ', 4], ['kristywalker ', 4], ['melbrooke ', 4]]"
291,Coconut Chicken Curry in a Hurry ,4.5,503.0,852.0,28.0,55.0,"[['cbernz from Millington, NJ ', 4], ['mormoru from Boston, MA ', 5], ['rebeccasgarb from San Diego ', 5], ['sniderchips06 from Columbus, OH ', 5], ['szatlanta from Atlanta ', 4], ['Francus from Charlotte, NC ', 5], ['cindy6766 from Elkhart, IN ', 5], ['finkster from Los Gatos, CA ', 4], ['agsb1 from Nova Scotia ', 5], ['mel367 from Boston, MA ', 5], ['rebbeca from Highland Beach, FL ', 4], ['jrnalls from Richton Park ', 5], ['elizabeth.zdrodowski796 from Royal Palm Beach, FL ', 5], ['marciegauntlett from Peabody MA ', 5], ['donnarhernandez from Carlsbad, CA ', 5], ['rosemariekrausz from Manotick, ON ', 5], ['rosemariekrausz from Manotick, ON ', 5], ['girlafraid7 from Carlsbad ', 5], ['sukipoodle from Ashland, Oregon ', 4], ['glasermd from St. Louis, MO ', 4], ['gregory_lafrance from Downers Grove, IL. ', 5], ['raclarke from Chesapeake City, MD ', 5], ['dianekde from Long Beach, NY ', 5], ['cook_from_vancouver from Vancouver, BC ', 2], ['gregory_lafrance from Downers Grove,IL. ', 5]]"
184,Cold Sesame Noodles with Cucumber ,4.5,446.0,1080.0,18.0,12.0,"[['suzfi from NYC ', 3], ['ElaineGloeckle from Boise, Idaho  ', 5], ['sarahelliott964900 from Portland, OR ', 5], ['abheiniger5307 from Santa Fe, NM ', 5], ['janec70 from DC Area ', 5], ['paweldroz from Chicago ', 4], ['paweldroz from Chicago ', 4], ['scarey322597 from Msp ', 4], ['cetienne from Calgary ', 5], ['jlh5337 from New Jersey ', 2], ['bmassey from San Francisco,CA ', 4], ['ithrowitontheground from Omaha, NE ', 5]]"
180,Cracked Farro and Broccoli Salad ,4.5,530.0,627.0,42.0,13.0,"[['leenieloo from Mundelein,IL ', 5], ['forkknifespoon from Cambridge, MA ', 5], ['alldayie from los angeles,ca ', 5], ['alldayie from los angeles,ca ', 5], ['gguard from Indianapolis ', 5], ['frannyk from Philadelphia, PA ', 2], ['segyyz from Toronto ', 5], ['lnitsa from brussels, belgium ', 4], ['semidecentcook from Pittsburgh, PA ', 5], ['suzespe from Treasure Island, FL ', 5], ['skreynolds from Portland, OR ', 5], ['rlstone24 ', 5]]"
171,Crispy Chicken and Potatoes with Cabbage Slaw ,4.5,587.0,825.0,47.0,28.0,"[['bas614 from Boston ', 5], ['luther1 from Mississippi  ', 5], ['susanmw from Baltimore, MD ', 2], ['jenpost1556 from Stoughton, wi ', 5], ['tukats from Santa Barbara, Ca ', 5], ['tukats from Santa Barbara, Ca ', 5], ['Ama1 from texas ', 4], ['lwmjky from San Francisco ', 5], ['lchei from Cincinnati, OH ', 5], ['austin1712 from Bay Area, CA ', 5], ['lincolnpines from Tampa, Florida ', 5], ['happycamper223 from Portland, OR ', 4], ['Johnmdjr from Phoenix, AZ ', 3], ['osterstock from Ladera Ranch, CA ', 5], ['1mustang from Costa Mesa, CA ', 4], ['steveack from Saratoga Springs, NY.  ', 5], ['robboo from Ny ', 5], ['ellen80 from Point Roberts, WA ', 5], ['mamabaer from Pittsburgh ', 5], ['pahastings from Charlottesville, VA ', 2], ['pcbkatt from Panama City beach, Fl ', 3], ['lmckee from Washington, DC ', 2]]"
239,Curried Chickpea and Lentil Dal ,4.5,637.0,567.0,37.0,21.0,"[['darlenexina1 from Santa Fe, NM ', 5], ['hannahmattina ', 5], ['hannahmattina ', 5], ['regina_oha from McLean, VA ', 3], ['tl7734 from Needham, MA ', 5], ['sitagaki ', 4], ['polsingh from San Francisco, CA ', 5], ['francoiscat from Boston ', 4], ['Pro chefs always evolve  from LA ', 3], ['jordgilbert from Whitefish, MT ', 5], ['bruzzese_donna from New Mexico ', 5], ['cookinginarlington from Boston, MA ', 5], ['melonlemon from Vancouver, Canada ', 5], ['melonlemon from Vancouver, Canada ', 5], ['EmLipp from Cincinnati, OH ', 4], ['rockchiky41 from San Francisco, CA ', 5], ['smsvlcooks from Mt. Desert, Maine ', 5], ['marilyn27 from Bergen County NJ ', 5], ['lpbailey826656611 from North Carolina ', 5], ['ginnylmom from Allentown, PA ', 5], ['lprotzer5364 from Louisville, KY ', 5], ['jillianthered from Perth, Australia ', 4], ['sizarah from Berkeley, CA ', 5], ['kpatz from Tucson, AZ ', 5], ['vgibbs from Victoria, BC ', 4]]"
31,"Curried Lentil, Tomato, and Coconut Soup ",5.0,437.0,667.0,28.0,13.0,"[['xmatch from Charleston, WV ', 5], ['wordridden from Brighton, UK ', 5], ['rachelrn45 from Dover, NH ', 5], ['jmstraveler from Portland, OR ', 5], ['terrimerry from orlando, fl ', 4], ['kimw from Cincinnati, OH ', 5], ['nuchols from Denton, Texas ', 5], ['Fshn from NSW, Australia ', 5], ['Jmacnally from White Salmon  ', 3], ['galleycook from NYC ', 5], ['smartypants from Seattle WA ', 5], ['msdanajohnson6947 from Boulder, CO ', 5], ['mairzi from Holyoke, MA ', 4], ['lpammarx from Santa Barbara, CA ', 5], ['nichomachean from Dallas, TX ', 5], ['Jschaef from Brooklyn, ny ', 5], ['chriselectric ', 5], ['camelia5679 ', 5], ['lynner from new york ', 4], ['jsbjk from Winnetka, IL ', 4], ['kimiabdull from Toronto, ON, Canada ', 4], ['pgprincess from BC ', 5], ['Béa from Canada ', 5], ['martamohan from Sugar Land, TX ', 5], ['noelleblatz3365 from Chicago, IL ', 5]]"
293,Curried Pumpkin Soup ,4.0,164.0,373.0,14.0,2.0,"[['farbher from Seattle ', 5], ['sensorydeb from Asheville NC ', 2], ['danthechef from Chicago, IL ', 5], ['loki2 from Maine ', 4], ['lorig13 from NJ! ', 2], ['mdmichelle from Excelsior MN ', 4], ['tinaindenver from Denver ', 5], ['GWK1 from San Francisco, CA ', 5], ['juliachild ', 4], ['karenflute from Silver Spring, MD ', 5], ['gwinivere ', 4], ['eliana20 from London, UK ', 5], ['mkotto10 from Heidelberg ', 3], ['ajjaffin from Washington DC ', 5], ['carolinecolburn from Asheville, NC ', 5], ['ratherski from Toronto, Ontario ', 1], ['sarah12jones212212312 from <a href=""http:', 1], ['louiseindr from Minneapolis, MN ', 5], ['rgr13 from NYC ', 5], ['orangebeetle from Stuttgart, Germany ', 4], ['julieaugust from Baltimore, MD ', 5], ['desertwillow from Texas panhandle ', 5], ['ttygarcia from San Francisco ', 5], ['suzanneinbrooklyn ', 5], ['Holl_doll from Cocoa Beach, FL ', 5]]"
93,"Dandelion Salad with Pomegranate Seeds, Pine Nuts, and Roasted Delicata Squash ",4.0,263.0,50.0,18.0,4.0,"[['dstephenson5 from Washington, DC ', 4], ['savilac from NY, NY ', 2], ['allisivycurious ', 1], ['dherron from Grand Rapids, MI ', 5], ['A Cook from Chandler, AZ ', 3], ['kakekoko from ny,ny ', 5], ['A Cook from Portland, Oregon ', 3], ['A Cook from katonah n.y. ', 5], ['annalillia from Brevard NC ', 4], ['A Cook from Tennessee ', 5], ['A Cook from Hoboken, NJ ', 2], ['A Cook from St. Paul, MN ', 2], ['AET from Pittsburgh, PA ', 5], ['deecooks from NYC ', 5]]"
252,"Dill-Crusted Pork Tenderloin with Farro, Pea, and Blistered Tomato Salad ",5.0,756.0,1041.0,32.0,51.0,"[['cary5227 ', 5], ['nancyersk from Stamford, CT ', 5], ['jaime_j from Chicago ', 4], ['icmax3 from Kansas City, MO ', 5], ['loriltx from Houston ', 5], ['loriltx from Houston ', 5], ['icountbyfives from Sweetwater, TN ', 5], ['mmccbf from Cincinnati, OH ', 5], ['edinan from Dallas, TX ', 5], ['haneye from Seattle, WA ', 5], ['rahappygirl from Houston, TX ', 4], ['jansan1 from Orange County, CA ', 5], ['sensorydeb from Asheville, NC ', 5], ['seattletaste from Seattle ', 5], ['reganhannah from Oakland, CA ', 5], ['fairsari from Ottawa, Ontario Canada ', 5], ['stanfdfn from Menlo Park, CA ', 5], ['railim from BC, Canada ', 5], ['vmill from New Orleans, LA ', 5], ['cynthesizer77 from Santa Clara, CA ', 5], ['sallyho1 from Saint Paul, MN ', 5], ['rlwanp from Tucson az ', 5], ['lisovska_ol from NY, NY ', 5], ['mairi from PEI, Canada ', 5], ['foodlover1948 from Brisbane, Australia ', 5]]"
202,Double-Pork Carnitas ,5.0,707.0,598.0,61.0,35.0,"[['seethemoon ', 5], ['camillewatson from Burlingame, CA ', 5], ['cara_w from Seattle ', 5], ['tochefs from Toronto  ', 5], ['kgarlan1 from Colorado ', 5], ['miss_mikki from Los Angeles, CA ', 5], ['cholfe from Innisfil, Ontario, Canada ', 5], ['aksh201350 from Bangkok, Thailand ', 5], ['aksh201350 from Bangkok, Thailand ', 5], ['elizbrob ', 5], ['mergs from Spokane, WA ', 5], ['taoheir from Dallas, TX ', 5], ['earlietoo from Tempe, Az ', 5], ['ap5076 from AtlanAtlanta, GA ', 5], ['kenadine87 from Lake Dallas, TXDallas, TX ', 5], ['candylb from Illinois ', 5], ['i_fortuna ', 5], ['monram from Austin, TX  ', 5], ['erickat from Seattle, WA ', 5]]"
4,Easy Beef Lo Mein ,4.0,688.0,1668.0,25.0,48.0,"[['theresa from Southern California  ', 4], ['jansan1 from Orange County, CA. ', 5], ['luther1 from Flowood, MS ', 5], ['Yummy2Cookie from Phoenix ', 3], ['jackhb from Baltimore, MD ', 4], ['ktredwine from Coleman, MI ', 3], ['contessacocina from Santa Fe, NM ', 4], ['mdsmya1 from Marin County, Nor Cal ', 4], ['redpop4 from Metairie, LA ', 4], ['keilcpa from Detroit ', 4], ['cookin905 from Ontario, Canada ', 3], ['lovestoputter ', 4], ['wgbrow from wdddddcgrrgf ', 2], ['deminicae from Chicago, IL ', 3], ['ddgaks from NC ', 4], ['rvega2010 from Chicago  ', 5], ['crabtownc from Annapolis, MD ', 2], ['memoirdesign from Chicago, Illinois ', 4], ['agaba from Kansas City, MO ', 5], ['cookinglamb ', 3], ['kl487582 from New York ', 3], ['mdpedsconsu from Ellicott City, MD ', 5], ['bwarren_p from Canada, SJ ', 5], ['thirstychicken from Minneapolis  ', 3], ['jakesjag from Indianapolis, IN ', 5]]"
103,Easy Fried Rice with Chicken and Broccolini ,4.0,673.0,1089.0,29.0,38.0,"[['heathernyc ', 3], ['speterson11 from Atlanta, GA ', 5], ['cahjunior from Boston ', 3], ['louisemarysmith3387 from Seattle ', 3], ['juls14 from Culver City, CA ', 3], ['sdclark from Victoria, BC ', 5], ['elizabeth_boyd5293 from ChciChicago, IL ', 5], ['carnix from GA ', 4], ['lawlbit from Toronto CA ', 5], ['deborahleewoodbury from Cary IL ', 4], ['r124911 from NC ', 5], ['de14031 from Buffalo,ny ', 2], ['de14031 from Buffalo, ny ', 2], ['de14031 from Buffalo, NY ', 2], ['vadeltachi from Washington, DC ', 5], ['grdollar from Sydney ', 5], ['kenneyp from sylvania, oh ', 5]]"
56,Easy General Tso's Chicken ,5.0,699.0,1181.0,34.0,50.0,"[['juliawkc ', 5], ['aweber73 from Baltimore, MD ', 5], ['aatkinson5810 from Chesapeake, VA ', 5], ['stefnicole from Pittsburgh, PA ', 4], ['mekleger from Philadelphia  ', 5], ['morgantegigante from Boston, MA ', 5], ['pipercooks from Longmont, CO ', 5], ['Bonniejscaccia from Arizona ', 5], ['4artssake from SC ', 5], ['davecropley ', 5], ['taratagh from Washington DC ', 5], ['adarab from San Mateo, CA ', 5], ['renee_ozer from Colorado Springs, CO ', 5], ['glloyd from Bucks County, PA ', 5], ['Tcut16 from Denver, CO ', 5], ['blwyxx4163 from Durango, CO ', 5], ['kaymac27 from Alexandria, VA ', 4], ['renofoodie from Nevada ', 5], ['janetroche from Philadelphia, PA ', 5], ['karanchimnani from Dubai ', 5], ['braholli3 from Massillon, OH ', 5], ['HiAsh from Arlington, VA  ', 5], ['Sarah Nicole from Garner, NC ', 2], ['missylrn from NH ', 5], ['ilona1 from holon ', 4]]"
27,Easy Lamb Tagine with Pomegranate ,4.5,640.0,573.0,49.0,39.0,"[['Ashtonify  from Victoria, BC Canada  ', 4], ['gumboboy from Rochester NY ', 5], ['pghgrl from brooklyn, ny ', 4], ['mbingham from London  ', 5], ['simplyseattle ', 2], ['haneye from Seattle, WA ', 5], ['ebluth from Chicago ', 5], ['mdfleetwo ', 2], ['georgiabrown from NYC ', 5], ['jackesler from Toronto, ON ', 5], ['megan_oconnell from Kinsale, Ireland ', 5]]"
243,Escarole with Italian Sausage and White Beans ,4.5,631.0,1512.0,40.0,29.0,"[['Trashpanda420 from San Diego, California ', 3], ['gurldog from los angeles ', 5], ['jansan1 from Orange County, CA. ', 4], ['jsacco from Boston, MA ', 5], ['lornakb from Monterey,CA ', 5], ['Bestdogsmom from Chicago ', 4], ['Lrosas from Walnut, CA ', 5], ['cavygirl1 from Connecticut ', 5], ['funpuff from DC ', 1], ['markheimann from palm beach, fl ', 5], ['sawrey from gearhart, oregon ', 5], ['pamthecook from dallas, tx ', 4], ['aquamerine from Ny,NY ', 5], ['John from fort worth, tx ', 4], ['mashabedda from SD, CA ', 4], ['A Cook from Chicago ', 4], ['cheesepuff ', 4], ['wornoutballetshoes ', 5], ['denstob ', 4], ['heathersb9 from Washington DC ', 5], ['A Cook from New York, NY ', 4], ['mpcbear from Southern NJ ', 5], ['A Cook from Minneapolis ', 4], ['Nicole_Bklyn from Brooklyn, NY ', 1], ['A Cook from McKinney, TX ', 5]]"
266,"Farro Salad with Roasted Sweet Potatoes, Red Onion, and Goat Cheese ",5.0,267.0,369.0,8.0,11.0,"[['deweydecimaldog from Boston, MA ', 5], ['lkitzman1 from Chicago ', 5], ['giatalia from Connecticut ', 5], ['aliceholic from Los Angeles ', 5], ['mbolster from Concord, MA ', 5], ['pipercooks from Longmont, CO ', 5], ['kncookspnw from Seattle ', 5], ['denni31 from San Diego, CA ', 5], ['maggieeates ', 5], ['jeanmcramer from chicago ', 5]]"
267,Fiorentini with Butternut Squash ,4.0,460.0,503.0,13.0,15.0,"[['nwinkler9908 from Philadelphia, PA ', 4], ['kpalmer747 from Sweden ', 4], ['alpal2021 from Chicago ', 5], ['vnat from Chicago ', 5], ['Becky_E from Detroit, MI ', 4], ['nativeamerican from Modesto, CA ', 4], ['mleholmes from Portland, OR ', 2], ['worldbeat from Oakland, CA ', 1], ['travelswithmeg from Orlando, FL ', 5], ['A Cook from Garden City, ny ', 3], ['Tinaindenver from Denver ', 4], ['kathiwojo from Monterey CA ', 1], ['scampz from Boston ', 4], ['sdostal from Southern WA ', 3], ['Spenddthrift from Newport, RI ', 2], ['A Cook from Montreal ', 3]]"
187,Freeform Chicken Meatballs with Carrots and Yogurt Sauce ,4.5,488.0,985.0,32.0,29.0,"[['ecs03 from Los Angeles, CA ', 5], ['smsvlcooks from Mount Desert, ME ', 5], ['rldenni4431 from Aurora, IL ', 5], ['lco from Los Angeles, CA ', 5], ['smallbluebird from SF Bay Area  ', 5], ['enpeco2 from New Orleans, LA ', 5], ['smiles1940 from Alexandria, VA ', 5], ['jcarlile from Truckee, CA ', 5], ['jfkatz from Pretoria, South Africa  ', 5], ['augustin from Seattle WA ', 2], ['beachcats from Santa Monica, CA ', 5], ['judyldaniel from San Francisco, CA ', 5], ['foodiemmk from Greensboro, NC ', 4]]"
297,Fresh Corn Quiche ,4.5,403.0,419.0,25.0,8.0,"[['delooper from Durham, NC ', 5], ['jansan1 from Orange County, CA. ', 5], ['bkniedler from Salisbury, MD ', 5], ['domenica8109 from reedsville PA ', 5], ['swedishmermaid from miami, fl ', 4], ['Bbqqueen from Reno, Nv ', 5], ['Deb S. from Beaverton, OR ', 3], ['pseawolfe from Mendocino, Calify ', 5], ['libby6 ', 3], ['oliveoil62 from Olympia, WA ', 4], ['aschef1 from Orinda CA ', 5], ['blabs from Summit Hill,Pa. ', 5], ['francesepbryan from Gulf Breeze, FL ', 1], ['cards4us ', 5], ['xsnow from Riverside, CA ', 5], ['dimplydots from chicago ', 5], ['surlymonkey from Bedford, Texas ', 5], ['mettek ', 5], ['ljbami ', 5], ['A Cook from Berkeley, Ca ', 5], ['RatticusFinch from Bradenton, Florida ', 5], ['mountain_cook from Vail, CO ', 5], ['A Cook from San Diego, CA ', 5], ['A Cook from White Lake Mi ', 2], ['wdboss from Ellicott City ', 5]]"
159,"Grain Bowl with Spiced Squash, Mushrooms, and Curried Yogurt ",4.5,526.0,1262.0,23.0,13.0,"[['thebards from CA ', 5], ['miloka from Hawaii ', 5], ['misscaste from NYC ', 5], ['oddwun from Merced, Ca ', 5], ['rjohnston.3627541 ', 5], ['jimbo_c from San San Francisco Francisco ', 4], ['lauren_colandreo from New York, NY ', 5], ['jgbeck ', 5], ['mags425 from Colorado ', 5], ['Dappled  ', 5], ['karola from Reston, VA ', 5], ['railim from BC, Canada ', 5], ['sandlady from Cape and Island, MA ', 5], ['dcremers from San francisco ', 2], ['kathiet ', 5], ['jackalucy ', 2]]"
213,"Grain Bowls with Chicken, Spiced Chickpeas, and Avocado ",4.5,1448.0,784.0,102.0,56.0,"[['bitsyc from Lehigh Valley, PA  ', 5], ['vivian.val02144872 ', 5], ['mrstoppr from St. Paul, MN ', 5], ['Anna D from San Diego, CA ', 4], ['alenarz from Minneapolis, MN ', 5], ['dallasnash from Botswana ', 2], ['bas614 from Boston ', 4], ['kerryduffie from Denver ', 5], ['Kimpro101 from Texas ', 5], ['deannaip from Austin, TX ', 5], ['bearmayor ', 5], ['lglevin from San Diego, CA ', 5], ['kelik0991 from Denver, Co  ', 5], ['straker from Atlanta, GA  ', 5], ['tgbcooks from FFarF ', 4], ['shellhahn from Bloomington, IN ', 5], ['blauj from Sask., Canada ', 5], ['magdalen20 from San Diego VCCA ', 4], ['sjhergenrader from Zurich, Switzerland ', 5], ['JMurov from Pleasant Hill, CA ', 5], ['pattidd from Boston MA ', 5], ['lora_lu from Denver, CO ', 4], ['tbell023 from San Diego ', 5], ['rlykins from Sydney, Australia ', 5], ['lauradesai from Washington, DC ', 5]]"
62,Hasselback Butternut Squash with Bay Leaves ,4.0,123.0,266.0,6.0,1.0,"[['aallen from Grand Teton National Park ', 4], ['MikeBob22 from San Ramon, CA ', 5], ['waunderful7696 from Michigan ', 3], ['karijo from New York ', 3], ['lstein from Swarthmore ', 5], ['cschmidt1120 from Phoenix ', 5], ['sherriedrington5565 from Dallas, TX ', 4], ['jbenstead from Chicago, IL ', 5], ['dsarosik1 from Lake Tahoe ', 5], ['jansan1 from Orange County, CA ', 4], ['cecilyb from Flagstaff, AZ ', 5], ['p_w_tiern from Chicago, IL ', 5], ['mary_vonderhey from St. Louis, MO ', 2]]"
16,Herby Chicken Kofta Meatballs ,4.5,137.0,247.0,8.0,13.0,"[['myuhn from Fredericksburg TX ', 2], ['spiritiadiane from Montreal ', 5], ['adriennepdx from Portland, OR ', 5], ['cinzedym from Arlington, VA ', 4], ['hartmankj from New York, NY ', 5], ['swienke from New York ', 4], ['CookInAthens ', 5], ['blwyxx4163 from Durango, CO ', 5], ['chubby_ from San Juan, PR ', 5], ['anne_vsa ', 4], ['hganshorn from Calgary, AB ', 5], ['shelliecole ', 5], ['kamh from Boston, ma ', 5], ['janeting from UNew yourkNewNew York ', 5], ['oceanneblake from Lebanon ', 5], ['richard_frizell from Gabriola, BC, Canada ', 5], ['dr_dulcet from La Mesa, CA ', 5], ['lari1970 from Bay Area, Ca ', 4], ['mariettabrillnyc4167 from Brooklyn, NY ', 3]]"
53,Istanbul-Style Wet Burger (Islak Burger) ,4.5,691.0,779.0,34.0,46.0,"[['a_usami ', 5], ['Francus from Charlotte, NC ', 4], ['erobi from Seattle, WA ', 5], ['allison.ceppi1675 from Los Angeles ', 5], ['peartart from Vancouver, BC ', 5], ['jansan1 from Orange County, CA. ', 5], ['Susiemajor from West Hills, CA ', 5], ['liebekim ', 5], ['myers1 from Tacoma, WA ', 4], ['sabinelobos from Buffalo, New York ', 5], ['dmhorn from Boston, MA ', 5], ['entdoc from Charlottesville, VA ', 5], ['feedmysoul from Toronto, Canada  ', 4], ['bikap from Texas ', 4], ['Didi13 from Grand Prairie, TX ', 5], ['akajan8 from Lake Ariel, PA ', 5], ['gilanmg6830 from Israel ', 5], ['raedwulf from Okanagan BC ', 3], ['tearl42 from Charlotte, NC ', 5], ['czf2007 ', 5], ['kbrees from Muskoka, ON ', 5], ['chrispegues from Portland, OR ', 5], ['angiesue from Indiana ', 5], ['valkgoforth from Alamo, CA ', 5], ['danisink from phoenix ', 5]]"
136,Kabocha Squash Cake with Brown Sugar Cream ,4.5,687.0,250.0,49.0,8.0,"[['tochefs from Toronto, ON ', 5], ['A Cook from San Francisco, CA ', 5], ['amydalayna from South Lake Tahoe, CA ', 3], ['MistyV from Cleveland, OH ', 5], ['Respilosa from Philadelphia, PA ', 4], ['A Cook from St Paul MN ', 5], ['A Cook from Pioneer, CA ', 4], ['sjm182 from Philadelphia, PA ', 5], ['denisecarr ', 5], ['A Cook from tokyo, japan ', 4], ['A Cook ', 5], ['aokhenry ', 5], ['dkolack from nyc ', 5], ['A Cook from the USA ', 5], ['emilycg from Bellingham, WA ', 5], ['nuvibes80 from San Juan, PR ', 1]]"
279,Kabocha Squash and Pork Stir-Fry ,5.0,257.0,659.0,21.0,10.0,"[['clangdon13500 ', 5], ['yoshihaga22 from Laguna Beach, Ca.  ', 5], ['slhughes2 from Santa Barbara ', 5], ['lblasdel from Boise ', 5], ['jmmee ', 5], ['dcturchin from Toronto, Canada ', 5], ['joseegunville from Ottawa, Ontario ', 5], ['chloethepoodle from Los Angeles, Ca ', 5], ['jenacass from Dallas ', 5], ['nick_wahl1 from Minneapolis, MN ', 5], ['caponte from Chicago ', 5], ['caponte from Chicago ', 5], ['janekathryn from San Francisco  ', 5], ['bcaldwell441 from Seattle, WA ', 5], ['scunningham from White plains  ', 4], ['dreb from San Francisco, cA ', 5], ['feedmysoul from Toronto, Ontario  ', 5]]"
63,"Kale Salad with Butternut Squash, Pomegranate, and Pumpkin Seeds ",5.0,162.0,539.0,5.0,8.0,"[['miriamg from NJ ', 5], ['toberry from Bozeman, MT ', 5], ['unpetitoeuf from Boston, MA ', 5], ['rstarner3877 from Columbia, SC ', 5], ['lashesvan from SpencerSpeSpencertown, NYSpencertown, NY ', 5], ['lpotash from Bloomingdale, NJ ', 5], ['ingy2094 from Chicago, IL ', 5], ['marlysws from Phoenix, AZ ', 5], ['persad5 from Creston BC ', 5], ['cjtab from Cincinnati ', 5], ['rparadis2 from Northampton, MA ', 5], ['yswhitakerj from Wyoming ', 4], ['pinkcloud from Onalaska, WA ', 5], ['SC in TO from Toronto, ON ', 5], ['tdotcook from Toronto Area ', 5], ['arietta from Oahu, HI ', 5], ['arietta from Oahu, HI ', 5], ['tpalzki from San Diego  ', 5], ['jbrules from Ridgewood, NJ ', 5], ['eileenbot from Williamstown, MA ', 5], ['senowicki from Boston, MA ', 5], ['nicolebimber from Northern California ', 5], ['airaheta from Burlingame, CA ', 5], ['bena from New York ', 5], ['animatron from Calgary, AB ', 5]]"
147,Korean Fried Chicken ,4.5,1032.0,1592.0,67.0,51.0,"[['nfinn91 from Mountain Lakes, NJ ', 3], ['moongirl721 from New Troy, Michigan ', 4], ['cherubae ', 4], ['ps826@att.net from NJ transplant to San Antonio TX ', 5], ['loriltx from Houston ', 5], ['loriltx from Houston ', 5], ['millerhaus from seattle WA ', 5], ['Trip365 from NYC ', 5], ['jamesblake from Sacramento, CA ', 5], ['djmeeker from Saranac Lake, NY ', 4], ['thomshap from SE CT ', 5], ['wokandwollben from Seatown ', 5], ['rnicolls from Calgary, Ab ', 4]]"
232,Lentil and Chicken Soup with Sweet Potatoes and Escarole ,4.5,529.0,491.0,31.0,28.0,"[['hearts_smiles from Rhode Island ', 5], ['erobi from Seattle, WA ', 5], ['margaretbooneli2303 from Cleveland, OH ', 4], ['smoot60 from Nashville, TN ', 2], ['FromPHX from Phoenix, AZ ', 3], ['becca_bee from Dallas, TX ', 5], ['greyonblue from Mount Airy, MD ', 5], ['stephanie.r6556 from Fresno, CA ', 5], ['detu from Lancaster, PA ', 5], ['clweis from Wasilla, AK ', 5], ['flowerz from Lafayette, LA ', 5]]"
201,"Low-Country Boil with Shrimp, Corn, and Sausage ",4.5,635.0,1610.0,27.0,37.0,"[['ksakuma from Oakland, CA ', 5], ['abbypuppy1 from Redington Beach, Fl ', 5], ['jawmems from New Jersey ', 3], ['Glassman6  from Akron, NY ', 5], ['tracych from Clearwater, fl ', 5], ['jameswilber ', 4], ['maxtimm from Chicago ', 5], ['pearldiver from Seattle ', 5], ['Jeanne2020 from Turnersville, NJ ', 5], ['sharonburkhar from Marietta, Ga ', 5], ['amarris_sky from Connecticut ', 5]]"
275,Make-Ahead Crispy Chicken Cutlets ,5.0,560.0,482.0,37.0,35.0,"[['sherilynneb from Orange County, CA ', 4], ['bora555 from Portland, ME ', 5], ['anganon from Manchester,VT ', 5], ['Sue R from Queensland, Australia ', 5], ['pinkycook from Toronto ', 5], ['jordane23 from Oakland, CA ', 4], ['dr_e from New Hampshire ', 3], ['catsare4me from New Jersey ', 5], ['amerolla from Howell, NJ ', 5], ['lcrespi from New York, NY ', 5], ['Dawn Davenport from New Jersey ', 5], ['lindiboggle from ON ', 5], ['emofly1 ', 5], ['cdooley from Dallas, TX ', 5], ['lauraternan from Edmonton, Alberta, Canada ', 5], ['cookinglamb from Philadelphia, PA ', 5], ['shelliecole from Middleburg, VA ', 5], ['feldmanrb from Palm Desert, CA ', 5], ['mbcb from Drexel Hill, PA ', 5]]"
86,Make-Ahead Sheet-Pan Meatballs ,5.0,78.0,89.0,6.0,6.0,"[['irlg from NY ', 5], ['suze77 from Cleveland, OH ', 5], ['rstarner3877 from Columbia, SC ', 5], ['Francus from Charlotte, NC ', 4], ['szatlanta from Atlanta ', 5], ['yaro from Boca Raton, FL ', 5], ['hezzy8 from Lancaster, PA ', 5], ['jobiewan from Portland, OR ', 5], ['Epicentrum from California  ', 4], ['schmem11 from New York, NY ', 5]]"
186,Marbled Pumpkin-Maple Cheesecake Bars ,4.5,327.0,270.0,21.0,5.0,"[['terese.shelledy@gmail.com from Wisconsin ', 5], ['jlp879 from SF, CA ', 5], ['Shirleywong814 from New York  ', 4], ['jaloc ', 5], ['karenfar from Huntington Beach, cA ', 5], ['winewiz from mt. prospect ', 3], ['waitz from Chicago ', 5], ['cggerard from Salt SSalt  ', 4], ['dbpearl from Long Beach, CA ', 5], ['gmga from Chicago ', 5]]"
153,Mediterranean Eggplant and Barley Salad ,5.0,619.0,938.0,37.0,14.0,"[['Herehare from Vancouver, Canada ', 5], ['capocook from California  ', 5], ['alfalfarvh3604 from 49th State ', 5], ['disenberg from SSoCalo ', 4], ['ffran from VTVverVV ', 5], ['labrecque5 from NH ', 3], ['Nutellaluvr from Calgary AB ', 3], ['neologique ', 5], ['adriannemyers ', 5], ['momnado from Coronado, CA ', 4], ['smcrn from Newberg, OR ', 5], ['lap91108 from San Marino, CA ', 5], ['linder023 from Hoboken, NJ ', 4], ['chef_koala from san diego ', 1], ['ktsawrey from westford, ma ', 5], ['wyliel from Portland, OR ', 5], ['eaoppert from Chicago, IL ', 5], ['cbprenderga from Montreal, QC ', 5], ['anita1ee ', 5], ['amdleo from Ellington, CT ', 1], ['RENSERC from Dallas, TX ', 1], ['erininroses ', 5], ['sweet from Amherst, NH ', 5], ['carisante1 from Manhattan Beach, CA ', 5], ['Optheria from Phila, PA ', 5]]"
10,Mexican Meat Patties with Fresh Corn Salsa ,5.0,498.0,706.0,36.0,23.0,"[['Sabby120 from ny,ny ', 4], ['theresa54 from San Francisco ', 5], ['loriltx from Houston ', 5], ['glendie from Terrebonne, OR ', 5], ['windofheaven ', 4], ['sgawith1 from Johannesburg ', 5], ['lei739 from Nor Cal ', 5], ['janekathryn from San Francisco  ', 5], ['layla1008 from Brick NJ ', 4], ['MeCookFood from Blacksburg, VA ', 5], ['cookbooker from Boston, MA ', 5], ['robyn386 from Austin, TX ', 5]]"
72,Miso-Harissa Delicata Squash and Brussels Sprouts Salad ,4.5,283.0,660.0,19.0,6.0,"[['pmbailey from New York ', 2], ['mplsbarry from Minneapolis, MN ', 5], ['tomese from Louisville, KY ', 4], ['thebards from Palo Alto ', 3], ['pymv from New Jersey ', 5], ['vstar from Bellingham, WA ', 5], ['pfrank from New York, NY ', 5], ['elberko from PA ', 5], ['scalardt from Kansas City ', 5], ['graceross from Ottawa ', 4]]"
83,Navy Bean and Escarole Stew with Feta and Olives ,4.5,461.0,407.0,23.0,21.0,"[['blakely from Savage, MD ', 5], ['aclouser from Haddonfield, NJ ', 5], ['1seriouscook from Weston, FL ', 5], ['mcarthdi from toronto ', 5], ['jounce from Seattle, WA ', 5], ['jennyhourihan from Brooklyn, NY ', 5], ['hsq from Norfolk, MA, USA ', 5], ['madjean from Montreal, QC ', 5], ['azmomsy from Bend oregon ', 5], ['salsanosubstrate from Seattle, WA ', 5], ['Tanacitafolia from San Mateo, CA ', 5], ['ssivyer from Bothell, WA ', 3], ['pastagirl624 from Cincinnati, OH ', 5], ['shelleytee from Western Massachusetts ', 5], ['gringaroja from Boston, MA ', 3], ['pjcamp1 from Atlanta ', 4], ['tjabaley from Chicago IL ', 2], ['marygfullerton from Santa Fe, NM ', 5], ['lisaroll from Texas ', 5], ['anonymousbrunette from Maryland ', 3], ['elisabethlaub from Piedmont, CA ', 5], ['marybeth943 from Palo Alto, CA ', 5], ['jandjdu from boston, ma ', 2], ['koavog from Napa, CA ', 5], ['juliavona from Buffalo, NY ', 5]]"
268,One-Pot Curried Cauliflower with Couscous and Chickpeas ,4.5,606.0,1365.0,15.0,27.0,"[['jnetcros9532 from Hull, Massachusetts ', 5], ['livetrue6231 from Calgary, AB ', 5], ['daniv12 from Portland, OR ', 5], ['jordgilbert from Whitefish, MT ', 5], ['laallen from San Francisco, CA ', 5], ['mkopke from Toronto, Canada ', 4], ['akraemer13 from Fresno, CA ', 3], ['yiddishekoppe ', 4], ['sushmasingh from Sacramento, CA ', 5], ['cindysphinx from D.C. ', 4], ['cmoskowitz from Brooklyn, NY ', 5], ['nasal from Earth ', 3], ['joeln from lexington, ma ', 5], ['moonlover123XxX from Wexford, Ireland  ', 4], ['lhneal from Portland, OR ', 3], ['rkw44x from Nashville, TN ', 4], ['maple1900 from Edmonton, AB ', 4], ['juliejohn from Boston ', 5], ['b4marshall from Ypsilanti, Michigan ', 5], ['fondachang from Los Angeles ', 4], ['lylemontgomery from New Orleans LA ', 5], ['francoiscat from Seattle, WA ', 5], ['ilyssa2 from New York, NY ', 5], ['gumbyh from Wayne, PA ', 5], ['brlevins2297 from Los Altos, CA ', 5]]"
87,One-Pot Pasta Primavera with Shrimp ,5.0,599.0,968.0,17.0,32.0,"[['boslera from Southern California ', 5], ['kizgrate from Los Angeles ', 5], ['jamesparker41761708 from Brookfield, CT ', 5], ['scottyb from Los Angeles CA ', 5], ['andreayung23 from Northern California ', 5], ['jillmlry5673 from Los Angeles, CA ', 5], ['Maddie Hj from Cape Cod, MA ', 5], ['carolyncandler from Michigan ', 5], ['fauxveg from Ontario, Canada ', 4], ['caestes from Durham, NC ', 5], ['renee_ozer from Colorado Springs ', 5], ['kpfromchicago from Wilmette, IL ', 5], ['andreaeigel from New York  ', 5], ['samanteria from Oregon ', 3], ['kalbfleisch.melissa1480 from St. Louis, MO ', 5], ['pastagirl624 from Cincinnati ', 5], ['sminkoff ', 5], ['tinamae from Boston, MA ', 5], ['kalbfleisch.melissa1480 from Saint Louis, MO ', 5], ['l_ashleymicha from Nashville, TN ', 5], ['amandag21 from Chicago, IL  ', 5], ['vlonkart528 from Margate, NJ ', 4], [""Kate O'Leary from Detroit "", 4], ['malikoparadise from Maui, Hawaii ', 5], ['lisa_in_seattle ', 5]]"
19,One-Skillet Roasted Butternut Squash with Spiced Chickpeas ,4.5,393.0,877.0,19.0,13.0,"[['Moll.e.h from Boulder, CO ', 5], ['laura_b_mv from Mountain View ', 5], ['ennaycats from Brooklyn, NY ', 4], ['patriciabnom from Oregon ', 5], ['sylkken from Ontario, Canada ', 5], ['eguettler from Minneapolis, MN ', 5], ['hido2o9554 from Volo, IL ', 5], ['mmcniff from Roseville, CA ', 5], ['csaundersiam from Portland, OR ', 5], ['OIinnkeeper from Spring City, UT ', 5], ['jdolata from Carmel, CA ', 4], ['lcrabb419 from Arlington, VA ', 4], ['bas614 from Boston ', 4], ['nora.anne.g ', 5], ['sitagaki ', 4], ['sitagaki ', 4], ['kikiw00d from Los Angeles, CA  ', 5], ['jansan1 from Orange County, CA ', 5]]"
129,Orange Sweet Rolls ,5.0,194.0,110.0,11.0,2.0,"[['rstarner3877 from Columbia, SC ', 5], ['mirandacaroligne from Southern Oregon ', 5], ['aporatelli from Buenos Aires, Argentina ', 5], ['tdowens3 from Seattle, WA ', 5], ['jlelliott from Madison, WI ', 5], ['morganmk ', 5], ['sandragee from Boston ', 5], ['ccstephanie from Boston, MA ', 5], ['ccstephanie from Cape Cod ', 5], ['robinsmillie from Toronto ', 5], ['kbbradford from North Alabama ', 5], ['s21melly from Toronto ', 5], ['Maryloucookie from Long Beach, CA ', 5]]"
197,"Our Favorite Lasagna with Sausage, Spinach, and Three Cheeses ",4.5,581.0,1044.0,36.0,36.0,"[['audidog from York, PA ', 5], ['megmelb from Santa Fe, NM ', 4], ['lesliepolk from Boston, MA ', 5], ['alison1851 from Nashville ', 5], ['lefrank from Elgin, IL ', 5], ['ajknightfan from Los Angeles ', 4], ['JuliaCooks from Chicago ', 5], ['ithacajosh from Ithaca, NY ', 5], ['joannbertram from Pendleton, Oregon ', 5], ['smpaine from Edmonds ', 5], ['mtarragona from Mexico City ', 5], ['RLM06 from Los Angeles ', 5], ['smpaine ', 4], ['neha from Washington DC ', 5], ['RealQuincyJones from Des Moines, Iowa ', 5], ['ronp from Portland, OR ', 5], ['linenkc from Kansas City, MO, USA ', 5], ['chubbybunny63 from The Thousand Islands, NY ', 5], ['lafilusch52 from Canada ', 2], ['ash2lar from Brooklyn, NY ', 4], ['charroa from Virginia ', 5], ['rahappygirl from League City, TX ', 4], ['leighfl1 from Brooklyn, NY ', 5], ['acetoner from Victoria, BC ', 5], ['rottnk9 from Vancouver, BC ', 5]]"
2,Our Favorite Spaghetti and Meatballs ,4.5,1061.0,1999.0,60.0,48.0,"[['fberenson from Southport, NC  ', 5], ['Akk45 from Pittsburgh, PA ', 5], ['teesapeesa from Northern New Jersey ', 5], ['kristinapatterson6113@gmail.com from GA ', 5], ['boydwhitt from chicago ', 3], ['Cassie78 from Ketchikan, Alaska ', 5], ['mewatson1 ', 5], ['jfaucett6525 from Detroit, MI ', 3], ['wafflechip from Toledo, OH ', 5], ['parkersuzannem from Durango, CO ', 5], ['acfager from Carbondale, IL ', 5], ['jenniferhadley from Calgary, AB ', 5], ['lynnkw from Germantown. MD ', 5], ['babycake from Toronto, ON ', 5], ['ouisiek from NJ ', 4], ['monicaandjakob from Toronto ', 5], ['nonni1 from Philadelphia  ', 2], ['lauchlen from Toronto, ON ', 4], ['aliciarosely from westbury, ny ', 5], ['michael17 from Chicago, IL ', 5], ['ekadfw from Corinth, TX ', 5], ['sueduckor from Southern California  ', 1], ['flsandytoes from Tampa, FL ', 1], ['clherrick ', 5], ['patgal from Lake Worth, FL ', 1]]"
20,Oven Risotto with Crispy Roasted Mushrooms ,4.5,656.0,1089.0,36.0,22.0,"[['jmstraveler from Portland, OR ', 5], ['feedemwell1971 from Seattle, WA ', 5], ['WIGDOWT from Asheville, NC ', 5], ['ireadcookbooks4fun from TX ', 3], ['beth_vdbe from Madison, WI ', 5], ['samiyah.hudson6992 from Nassau, Bahamas ', 5], ['RebeccaBucket from Winnipeg, MB, Canada ', 5], ['jglaisher from STEAMBOAT SPRINGS, COLORADO ', 5], ['rmbarr from Brooklyn, NY ', 5], ['mencelpat@gmail.com from Belmont, NC ', 5], ['wgwalker from Vancouver  ', 5], ['dianae173 from Saugerties NY ', 5], ['ainsleypierce from Dallas, Tx ', 5], ['cmwilson1 from SC ', 4], ['melistocrat from Boston, MA ', 5], ['srosecoy from Houston, TX ', 5], ['eileenvirn from Madison, WI ', 5], ['scottjanovitz from Boston ', 5], ['shaxon from San Ramon, CA ', 5], ['foodie63 from Toronto ', 5], ['cookfromdc1 from Washington, DC ', 5], ['scottyb from Los Angeles CA ', 5], ['n_crutcher6157 from Canada ', 5], ['acbcooks from Philadelphia  ', 5], ['hapy2cook ', 4]]"
11,Pantry Pasta Puttanesca ,4.5,790.0,721.0,34.0,30.0,"[['lkaaha from San Jose, CA ', 5], ['Catosixtails from New Mexico ', 4], ['hoosfoos from La Mesa, CA.  ', 5], ['jennyjp1 from Chicago, IL  ', 5], ['beebo1953 from Cathedral City, CA ', 4], ['Makbholloway from Baltimore ', 5], ['Fanny69 from Tucson AZ ', 2], ['mmmmmonica from Vancouver ', 4], ['malcolmxxx86 from Oakland, CA ', 4], ['skeetdiggy from North Carolina  ', 5], ['blessthybre from Shawnee, OK ', 4], ['donested from Stony Brook NY ', 5]]"
52,Pasta With 15-Minute Meat Sauce ,4.5,892.0,982.0,38.0,37.0,"[['Vidkun from Austin, Texas ', 5], ['robbienette from Los Angeles, CA ', 4], ['chipndip from Los Angeles ', 4], ['tochefs from Toronto, ON ', 5], ['HankyPanky from Lake Bluff, IL ', 5], ['dontodip from Narberth, PA ', 5], ['tanos from KC, MO ', 5], ['gillyflower from St. Girons, France ', 5], ['susan1228 from Washington, DC ', 5], ['owhen4 from NorCal ', 5], ['buttercream ', 5], ['whatmarshaeats from USA ', 4], ['sdbond from The Great State of North Carolina ', 4], ['debra_brown_811 from Seattle, WA ', 5], ['jannaadgal from Minneapolis, MN ', 4], ['SandraJG from Snohomish WA ', 4], ['icewineanne from Toronto, ON ', 5], ['foodfiend20 from Lewes, DE ', 4], ['orourke2 from Boston, MA ', 3], ['radskierd from Fairfax Va ', 1], ['crumbandsugar from South Salt Lake ', 4], ['cynicalanddisgusted from Nevada ', 3], ['uschwuttke from Central Florida ', 4]]"
132,Persian Chicken with Turmeric and Lime ,4.5,563.0,813.0,23.0,40.0,"[['kelly_dorafshar from Woodland Hills, CA ', 5], ['bricks1 from New York ', 5], ['manning7 from Winnipeg, Manitoba  ', 5], ['susiestenmark from Sydney, Australia ', 4], ['dc25 from Ontario, Canada ', 4], ['kgilmore from Kula, Hawaii ', 5], ['azzief1 from Los Angeles  ', 2], ['ilyssa2 from NYC ', 2], ['CatHoward from YORKSHIRE UK ', 5], ['doreenz from Sooke BC ', 4], ['nichomachean from Dallas, Texas ', 5], ['hurricanejl from Miami Beach, FL ', 5], ['hashiparmentier from PORTLAND OREGON ', 5], ['Adpg74 from San Ramon, CA ', 5], ['magdalen20 from San Diego CA ', 5], ['onestitch from Falls Church, VA ', 3], ['alorenstei from Somerville, MA ', 5], ['sylkken from Canada ', 5], ['marissavivo ', 5], ['BDCJK4 from Cambridge, UK ', 5], ['creativecooker from NY ', 2], ['tnbks from torontotoToronto catoro ', 4], ['stephaniezenobia from Denver  ', 3], ['mahu6 from Maine', 5], ['lindakessler from Florida ', 5]]"
34,"Persian-Spiced Chicken with Spaghetti Squash, Pomegranate, and Pistachios ",4.5,848.0,954.0,62.0,46.0,"[['rlgreen91 from Houston, TX ', 3], ['marlysws from Phoenix, AZ ', 5], ['jellis14 from Arlington, MA ', 5], ['leenieloo from Mundelein, IL ', 3], ['reischer from Boston, MA ', 4], ['kathiebriggs ', 3], ['thompsonae from PA ', 3], ['azzief1 from Los Angeles ', 4], ['raynfigi from Southampton NY.  ', 3], ['jellis14 from Arlington, MA ', 5], ['guytonkristi ', 5], ['dpastor from New York ', 4], ['mcontrado1 from Newburyport, MA ', 5], ['ercwjm from CT ', 3], ['hannahmattina from MI ', 2], ['humead ', 3], ['desonie from Phoenix, AZ ', 5], ['kathkat from N. California ', 5], ['MissRachelPaige from Minneapolis, MN ', 5], ['Camillka from Oregon ', 5], ['pixienoelle from Pennsylvania ', 5], ['lwhellams from Calgary, Alberta, Canada ', 5], ['shoelover1 from Florida ', 4], ['chasepdt from Livingston  ', 5], ['tgbcooks ', 5]]"
105,"Pork Tenderloin with Turmeric, Squash, and Collard Greens Salad ",4.5,656.0,1277.0,34.0,50.0,"[['pierceconway from Natick ', 5], ['ssawyer3 from Northern California ', 5], ['choirgirl116 from Montreal, QCMoMontreal, QCMontreal ', 4], ['sattesb from Charleston, WV ', 5], ['GWstables from Ocala, FL ', 5], ['cellardweller from Chatham, NJ ', 4], ['edseeger from Harker Heights, TX ', 5], ['a_pinch_of_salt from San Francisco ', 4], ['jcfrecipes from Pittsburgh ', 4], ['gargantujuan from Vancouver, WA ', 4], ['salimad1 from New York, NY ', 5], ['erkroner from Asheville, NC ', 4]]"
68,Pork and Squash Stew with Chiles ,4.0,732.0,1081.0,51.0,45.0,"[['barefootmelanie  from Atlanta, GA ', 5], ['kdante from Chicago, IL ', 5], ['jbbobbitt ', 1], ['sbnelson from kansas city ', 2], ['lizb22 from Watertown, MA ', 5], ['Assos from Louisville, KY ', 5], ['Great_Lakes_Cook from Portland, MI ', 5], ['Lexy1 from México ', 1], ['pwrubarb from Napa Valley, CA ', 2], ['Lydia122 ', 5], ['Munacil from Shorewood, WI ', 4], ['kritzow from Appleton, WI ', 5], ['KSSir from Storrs, Ct ', 1], ['dnals from palo alto, ca ', 5], ['vicki_s from boston,ma ', 5], ['A Cook from Waco, TX ', 5]]"
233,Pull-Apart Bread with Pumpkin and Spinach ,4.5,388.0,301.0,19.0,8.0,"[['junamaria from Sonoma, CA ', 5], ['ilvjamie from Chicago ', 5], ['sdemaree from Californian living in London ', 5], ['creativemisso3053 from Louisiana ', 5], ['allimarx from New York ', 3], ['mldesm from andover ', 5], ['heatherjenkins from Edmonton, AB ', 5], ['jebrwnng from Michigan ', 5], ['joe_sevier2086 from Brooklyn, NY ', 5], ['kpalmer747 from Sweden ', 5], ['mldesm from andover ma ', 5], ['Psycleridr from Northern NJ ', 4], ['chrisgelica from California  ', 5], ['robin_shanz from New York, NY ', 5], ['happymama37 from Newton MA ', 5], ['fyryr from Fernley, NV ', 5], ['tegger57 from Hanover, NH ', 5], ['davisella from Canada ', 5], ['mickeyl ', 3], ['danipach from New York ', 3], ['dzma from Queens, NY ', 4], ['kwildau from france ', 3], ['agentmorgan from santa cruz, ca ', 5]]"
50,Pumpkin Cheesecake with Bourbon–Sour Cream Topping ,4.5,429.0,316.0,32.0,6.0,"[['arinavb from Alexandria VA ', 5], ['shortr from Goshen, IN ', 4], ['Gretchen move alot from Lexington, KY ', 5], ['nomakisc from Dover, NH ', 5], ['nrg728 from New York, NY ', 5], ['m.jaras2702 from New Jersey’s  ', 5], ['westsidecook from New York City ', 4], ['mohniman3433 from Virginia ', 5], ['jrex1 from Brighton, MI ', 5], ['Baisy from Bloomfield Hills, MI ', 5], ['duspin from Boston, MA ', 5], ['nancypumphrey from Newbury Park, California  ', 5], ['lizchaffin609671 from Kentucky  ', 5], ['kathyl_99 from MA ', 5], ['hzia6 from Media, PA ', 5], ['MonaYoung from Reno, NV ', 5], ['stevefurst from Dallas, TX ', 5], ['lsahu from Portland, Me ', 1], ['jmlarsen from syracuse, ny ', 1], ['crs1122 from Saint Joseph, MO ', 5], ['osuzanna from Hudson VAlley ', 5], ['Elizfonda from Hudson Valley NY ', 5], ['schillercook ', 1], ['gramuesi from Boulder, CO ', 4], ['piratesgold from Chicago ', 1]]"
97,Pumpkin Icebox Pie With Snickerdoodle Crust ,4.0,3597.0,1869.0,223.0,33.0,"[['nebraskaglass1 from Omaha, NE ', 3], ['belloli from Pennsylvania  ', 3], ['ksionenk ', 5], ['ksionenk ', 5], ['Lois33 from EGR, Michigan ', 5], ['mccoyj25 from NYC  ', 5], ['ellensalias from St Paul, MN ', 4], ['ryan_scaro from Sterling, VA ', 2], ['ctripp from Colorado Springs, CO ', 3], ['kderevyanik from Southlake TX ', 1], ['thedoughurt from Sioux Falls, SD ', 5], ['serickson from Mn ', 1], ['vallarson1 from Eastland, TX ', 1], ['lauriekei from Oakland, CA  ', 5], ['cathy01 from Philadelphia, PA ', 5], ['drkdesou from Nassau, Bahamas ', 1], ['kderevyanik from Southlake, TX ', 5], ['nastysuprise from Mpls ', 5], ['jcp76 from Pittsburgh, PA ', 4], ['jcp76 from Pittsburgh ', 4], ['ctripp from Colorado Springs, CO ', 3], ['mlrn853 from Philadelphia area ', 5], ['waughbash158 from Edmond, OK ', 1], ['waughbash158 from Edmond, OK ', 1], ['mynwt from Annapolis, MD ', 4]]"
214,Pumpkin Muffins ,3.5,364.0,183.0,11.0,6.0,"[['imaginethat90 ', 3], ['mtnmeye ', 3], ['greenstein.rebecca9820 from NY, NY ', 5], ['mmtomd from Chicago IL ', 2], ['fkirby from Santa Fe, NM ', 1], ['nkbrooks from Ottawa, ON ', 5], ['nkbrooks from Ottawa, ON ', 5], ['denisetherealtor from Carterville, MO ', 2], ['meghanpholmes from Chanhassen MN ', 3], ['zutalors85 from nyc-sf ', 5], ['cma121680 from Westchester, NY ', 2], ['Merrill from Franktown, CO ', 1], ['jennympls from minneapolis, mn ', 5], ['RabiaS from Philadelphia, PA ', 5], ['DevilFish from Toronto, Ontario ', 4], ['A Cook ', 4], ['A Cook from Chicago, IL ', 1], ['A Cook from Berkeley, CA ', 3], ['CraftyFarmer ', 5], ['Atacat from San Francisco, CA ', 2], ['insearchofgoodfood from Vermont ', 1]]"
286,Pumpkin Spice Bundt Cake with Buttermilk Icing ,4.5,428.0,300.0,21.0,5.0,"[['sitagaki ', 5], ['peaches05 from Chicagoland ', 5], ['fyryr from Fernley, NV ', 5], ['tbaratono from Los Angeles ', 5], ['mtnmeye from Denver ', 2], ['lailaj ', 5], ['sanibelle from Sanibelle, FL ', 2], ['elainesheard from Seattle ', 3], ['jvalerie1 from California ', 5], ['bsw206 from Richmond, VA ', 5], ['aldavis1 from Phila., PA ', 4], ['CDHarper from GermanyerGerGemanyGermanGermany ', 5], ['elizabethbdesign from Pennington, NJ ', 5], ['adjames_go from Sacramento ', 5], ['jholter from Birmingham, MI ', 5], ['ilmarrus from New York City ', 5], ['annanacho from Chicago, IL  ', 5], ['pmaren from St. Paul  ', 5], ['blairef from Boulder, CO ', 5], ['lauri from Austin, TX ', 4], ['aaunheim from Vancouver, BC ', 5], ['Crimegirl from Rockville MD ', 1], ['lnitsa from Brussels, BE ', 5], ['A Cook from CA ', 4], ['A Cook from Tampa, FL ', 1]]"
222,Pumpkin Whoopie Pies ,5.0,308.0,195.0,17.0,3.0,"[['barnaut045625 from El Dorado County, Ca. ', 5], ['massfamilytravelers from Boston, MA ', 5], ['christymaxfield from Minneapolis ', 4], ['yolocat from Gulf Breeze, Florida ', 5], ['tpetrovna from Brooklyn, NY ', 5], ['indianman69 from india ', 5], ['indianman69 from  a tin shack in india ', 2], ['brownieluv from Portland, OR ', 5], ['KarenmNaughton from Westwood, MA ', 5], ['snovalija from Montreal, Canada ', 5], ['jordanpreston from Iowa ', 5], ['daringkelley from Sacramento, CA ', 1], ['demarcate from Brooklyn ', 5], ['tarab2 ', 4], ['Lisabakesalot from Jackson TN ', 1], ['A Cook from Nevada ', 5], ['meerastvargo from Portland, OR ', 5], ['srfrijole from Salem, OR ', 5], ['katpages1 from Thornton, PA ', 5], ['clinehm from Lusaka, Zambia ', 5], ['binx77 from Duxbury, MA ', 5], ['binx77 from Duxbury, MA ', 5], ['cchatter from New York City ', 5], ['mdmulhern from Alexandria, VA ', 5], ['jacquie7 from Carlsbad, CA ', 5]]"
77,Pumpkin and Cookie-Butter Sheet Cake with Toasted Meringue ,4.5,355.0,243.0,18.0,5.0,"[['glitteratii1 from Austin, Texas ', 4], ['acfisch from Cincinnati, OH ', 4], ['pdxgourmet from Portland, OR ', 2], ['gaelnyc from NYNNYNY ', 4], ['keriche from Washington  ', 4], ['jumpinjj ', 5], ['bridgetc1 from Louisiana ', 5], ['lchasson from Milan, Italy ', 3], ['estela64 from San Diego  ', 4], ['KristieLynn623 from Western New York ', 5], ['bbit from Boston, ma ', 5], ['kitchenlove from Ontario ', 5], ['mtulett from Victoria, BC ', 5], ['tucksings from Bakersville NC ', 5]]"
209,Quiche Sardou ,4.5,2887.0,2691.0,205.0,63.0,"[['fernjacobs1845 from Texas ', 5], ['katcoinc from Northern California ', 5], ['CookBot from Carolinas ', 4], ['wbesser from Memphis, TN ', 5], ['raneylorene from Bergamo, Italy ', 4], ['phaehn007 from San Diego, CA ', 1], ['Dendogs from Los Angeles ', 1], ['kellymcilwrath1 from Alliston, Ontario ', 1], ['suzan22 from Seattl, WA ', 1], ['gracefullikeagazelle from Toronto, ON ', 1], ['didicooks2 from Paris, France ', 5], ['jacy729 from LI New York  ', 4], ['i_fortuna from Texas ', 4]]"
225,Quick Chicken Tikka Masala ,4.0,441.0,1134.0,18.0,39.0,"[['jordgilbert from Whitefish, MT ', 4], ['rellimarual from Maine ', 5], ['freefield from Grass Valley, CA ', 5], ['lynnev from Los Angeles, CA ', 4], ['katrin04 from Colombia ', 4], ['egarson1 from San Diego, CA ', 2], ['mkopke from Toronto ', 4], ['reiner ', 2], ['M. Rani from St. Louis, MO ', 4], ['c_az from New York, NY ', 5], ['ayaworski from Ottawa, ON ', 5], ['kburke1 from Madison, WI ', 3], ['ljnese ', 4], ['57mott from New York City ', 4], ['terrilnell from North Carolina ', 4], ['mcash4 from New Jersey ', 4], ['jdengler from Haddon Township ', 5], ['lthornton from Southington, CT ', 4], ['tobocrs from Central AZ ', 5], ['angelambloch from Irving, TX ', 5], ['lovestoputter ', 5], ['sandywomble from winter park fl ', 5], ['SaintQuinn from Brooklyn, NY ', 4], ['HannahBenoit from Boston ', 5], ['pghgrl from brooklyn, ny ', 4]]"
17,"Quick Pork Ramen with Carrots, Zucchini, and Bok Choy ",5.0,1032.0,3433.0,53.0,44.0,"[['TWeezy ', 5], ['calliegirl1288 from Portland, Oregon  ', 5], ['sparrs from New York, US ', 5], ['hannahmasters from Nashville, TN ', 5], ['gsconnor225 from Thousand Oaks, CA ', 5], ['racheljoey from Saratoga Springs, NY ', 5], ['unpetitoeuf from Boston, MA ', 5], ['lination1 from Jackson, WY ', 3], ['theresa1960 from Amargosa Valley, NV ', 5], ['hdlev from Boston ', 5], ['jellis14 from Arlington, MA ', 5], ['delooper from Durham, NC ', 5], ['nadler from NYC ', 5], ['sidenator from Billings MT ', 5], ['elsaandem ', 5], ['sminde0 from Port Byron, NY ', 5], ['lmanderson from Burtonsville, MD ', 5], ['CataL from Dayton, OH ', 5], ['sarahinkyo from Claremont, CA ', 3], ['schan001 from Durham NC ', 5], ['sarahthompson2 from Chicago ', 5], ['lipsticklibrarian from Vancouver, BC Canada ', 5], ['mishwee from Boston, MA ', 5], ['corayvette from Arizona ', 5]]"
210,Quick Sesame Chicken with Broccoli ,4.5,884.0,1249.0,28.0,56.0,"[['slhughes2 ', 5], ['Nicoito  from Mexico City, Mexico  ', 4], ['egpbx@aol.com from N.Y ', 5], ['potterzino from Saugatuck, MI ', 5], ['casper1 from Chicago ', 5], ['eworldcooking from India ', 5], ['diagonza from Mexico City ', 5], ['LizGy from London ', 5], ['delooper from Durham, NC ', 5], ['carolbb from Highland Park, NJ ', 5], ['ksakuma from Oakland, CA ', 5], ['taylorjay from New York ', 4], ['mattx33 from Boise  ID ', 5], ['eli6223 from Minneapolis, mn ', 5], ['ronasjc8500 from Pawtucket, Rhode Island ', 5], ['LiamGriffith from Colorado Springs ', 5], ['itam from Colorado ', 5], ['tejaspenguin from San Antonio, TX ', 4], ['ameliajayne from Ann arbor, MI ', 5], ['vae9106 from TucsTTon,  ', 3], ['xineqoc from Seattle, WA ', 5], ['hannahmattina from michigan ', 5], ['stoerme from Dayton, OH ', 3], ['ilona1 from Holon ', 5], ['aladair from Ossining, NY ', 5]]"
227,"Quick Sweet Potato, Mushroom, and Black Bean Burrito ",5.0,703.0,1144.0,29.0,23.0,"[['lisgale from Nashville,Tn. ', 5], ['jesse.a.houser from Chattanooga, Tennessee ', 5], ['kizgrate from roseville, ca ', 5], ['blackeyedsue from Georgian Bay, Ontario ', 5], ['krf from Bellevue, WA ', 5], ['phylora1 from Mill Valley, CA ', 5], ['phylora1 from Mill Valley, CA ', 5], ['leenieloo from Mundelein, IL ', 5], ['msneller from Wisconsin ', 4], ['a Chesapeake cook ', 4], ['meantambourine ', 5], ['jana_ferguson8202 from Boston, MA ', 5], ['jaychalam from Hillsborough,NJ ', 5], ['pestogirl1 from Winnipeg,MB. ', 5], ['raneylorene from Bergamo, Italy ', 5], ['mags425 from Colorado ', 5], ['lambr ', 5], ['lhayner from Coastal Oregon ', 5], ['vodkandtonic from Stroudsburg, PA ', 4], ['kmckp ', 5], ['sharadawn1 from Seattle ', 5], ['sharadawn1 from Seattle, WA ', 5], ['sylvia47 ', 5], ['cybermarissa ', 5], ['cag336 from Madison, WI ', 5]]"
69,Quick Sweet and Sour Chicken ,3.5,816.0,1015.0,52.0,39.0,"[['loriltx from Houston ', 4], ['lauren.miceli7105 from Los Angeles, CA ', 2], ['ghellrud from Red Deer, Alberta ', 4], ['robboo from Syr ny ', 4], ['bellabug ', 4], ['moorloughmary from Edmonton, Alberta ', 4], ['yvoloshin from Brooklyn, ny ', 5], ['rnicolls from Calgary ', 4], ['morganmk from Augusta, GA ', 5], ['christinesuchor7153 from Boulder ', 2], ['mvjimo from Vineyard Haven, MA ', 4], ['treeapril2014 from the earth ', 2], ['lovestoputter ', 4], ['jc1920ra from Green Valley, AZ ', 3]]"
205,Ricotta-Pumpkin Gnocchi with Brown Butter ,3.5,760.0,1125.0,51.0,22.0,"[['skhercules ', 3], ['kundwild from Walpole, MA ', 2], ['angelmehta from Chicago, Chicago ', 4], ['sanfranfreddie from San FranciscoSan Francisco ', 3], ['EAlmquist from North Andover, MA ', 3], ['meg28 from Baltimore, MD ', 5], ['linahannigan from Alameda, CA ', 3], ['viking_kitten from Boston area ', 4], ['HMalbec from Montreal, QC ', 3], ['sunipa85 from Austin, TX ', 3], ['carolmacri from Pennsylvania ', 5]]"
296,Roast Fish with Cannellini Beans and Green Olives ,5.0,523.0,1125.0,21.0,43.0,"[['Pacific islander from Left Coast of Canada ', 5], ['gingersnap1 from Lawrenceville, GA ', 5], ['grazianolinda from Chicago, IL ', 5], ['kbloemers2 from West Palm Beach, FL ', 5], ['rhutcheson from WI ', 5], ['janetsnorkels6343 from Annapolis, MD ', 5], ['heatherjgillan from Fort Wayne, IN ', 5], ['lorianneg from Lori from Woodbury, NY ', 2], ['Sharonh ', 5], ['jerirecipes from TX ', 5], ['ekmitchell2 from Long Beach, CA ', 5], ['tuva ', 5], ['bobsmanor from Los Altos ', 5], ['aguzada505 from El Paso, TX ', 5], ['mlamo from Squamish ', 5], ['asnmklgirl7935 from Portland, OR ', 5], ['heathernyc ', 5], ['leek from Seattle ', 3], ['cook from mesa from Mesa, AZ ', 5], ['gwynnek from DC ', 5]]"
236,Roasted Acorn and Delicata Squash Salad ,5.0,284.0,619.0,21.0,8.0,"[['whatswrong9 from Los Angeles, Ca ', 5], ['janekathryn from San Francisco  ', 5], ['DLindner from San Clemente, CA ', 5], ['marisa_menz from Cresskill, NJ ', 5], ['kmoss50 from Charleston, SC ', 5], ['hannahmattina from MI ', 1], ['dwhite417 from Seattle, WA ', 5], ['anne1234 from Portland, OR ', 1], ['CarolVach from Burlington, MA ', 5], ['mwaaka from Zambia, but live in Denmark. ', 1]]"
88,Roasted Apricot Chicken with Mint and Sage Butternut Squash ,4.5,730.0,1231.0,46.0,58.0,"[['iambenjago from Washington, DC ', 3], ['ellen23 from Long Island, NY ', 5], ['demarcate from Brooklyn, NY ', 5], ['kathiet from Cincinnati, Ohio ', 5], ['hp ', 1], ['sullivan0830 from Philadelphia, PA ', 1], ['srtracey from Los Angeles, CA ', 5], ['kimlef from Ga ', 1], ['knitbeast from new york city ', 1], ['janetvassar from Los Altos, CA ', 1], ['katherine_poythre from Medford, OR ', 5], ['ka5 from Medford, OR ', 5], ['kpsoundadvice ', 1]]"
23,"Roasted Pumpkin, Marjoram, and Blue Cheese Frittata ",4.5,479.0,620.0,36.0,23.0,"[['kiddkristine from Los Angeles ', 5], ['misst.ried from Sarasota, FL ', 4], ['susiec0717@gmail.com from USA ', 5], ['slsaunder59 ', 4], ['painalabanane from Indianapolis ', 4], ['joycropper from Indianapolis, IN ', 4], ['bmwbigmamma from Sydney, Australia ', 5], ['borbor from Au Train, MI ', 4], ['lewoolcott from Middleburg, VA ', 3], ['kacilles from Columbus, Ohio ', 4], ['JANHEALING from California ', 5], ['Viasolus from London ', 5]]"
118,Roasted Sweet Potato and Delicata Squash with Cranberry Agrodolce ,4.0,436.0,694.0,4.0,5.0,"[['prototype from Houston, TX ', 3], ['spencerchelwick1131 from Costa Mesa, CA  ', 5], ['cathywayland from Nashville TN ', 5], ['adupay from Roseville,MN ', 5], ['adupay from Roseville, MN ', 5], ['kathiet from Cincinnati, Ohio ', 5], ['davidtamarkin from Brooklyn, NY ', 5], ['svchickadee from Washington state ', 2], ['jannaslaughter from CA ', 3], ['ericaca from Manhattan Beach, CA ', 2]]"
289,Rotisserie Chicken Salad with Charred Scallion Dressing ,5.0,1052.0,1064.0,83.0,52.0,"[['foodnpiste  from Australia  ', 5], ['mrosenstein5059766 from Chicago ', 5], ['baileyanddaisey from Castaic, CA ', 5], ['suscrg from Franklin, TN ', 5], ['drloverde from Sherman Oaks, CA ', 5], ['KMD_Chicago from Chicago, IL ', 5], ['JoanneHH from New York ', 5], ['jdough25 ', 5], ['farmerdms ', 5], ['plotkinator from Boston, MA ', 5], ['beachmum1 from Anderson, SC ', 5], ['catcitytennis from Palm Springs, CA ', 5]]"
131,Sausage and Greens Sheet-Pan Dinner ,4.5,665.0,855.0,63.0,17.0,"[['jansan1 from Orange County, CA. ', 5], ['Agregg29 from Dallas,TX ', 5], ['browns19fan from Northeast Ohio ', 4], ['herscovitch9621 from Winnipeg, Canada ', 5], ['vickieinvancouver from Sechelt, BC  ', 5], ['marywayland ', 3], ['blwyxx4163 from Durango, CO ', 5], ['lhmelk7036 from New England ', 5], ['TerryMA from Cambridge  ', 5], ['chalupa65 from Salt Lake City ', 5], ['brgoldberg from Oakland, CA ', 5], ['rudywhite910@gmail.com from St. Louis, MO ', 2], ['bitteroot from billings mt ', 5]]"
174,Sheet-Pan Chicken with Tomatoes and Mozzarella ,4.5,470.0,989.0,34.0,28.0,"[['denisec65 from Boca Raton, Florida  ', 5], ['shawnandrews67 from Prince Edward County ', 5], ['hasmig4u from Ottawa, Canada ', 5], ['Annegioiosa  from Washington  ', 5], ['snoogerbot from Vancouver WA ', 4], ['debsart from New York ', 5], ['jtf2 from Los Angeles ', 3], ['annape ', 5], ['jlott1 from SC ', 4], ['marstudio from San Francisco, CA ', 4], ['paul_10 from UK ', 3], ['hannahnoll06103 from Minnetonka, MN  ', 5]]"
263,"Sheet-Pan Cumin Chicken Thighs with Squash, Fennel, and Grapes ",4.5,497.0,1177.0,30.0,29.0,"[['lauren23 from Ottawa, Ontario ', 5], ['browns19fan from Northeast Ohio ', 5], ['gf4me from Granby, CO ', 5], ['speacock231309 from Niagara-on-the-Lake, Ontario, Canada ', 4], ['evangaffney from Brooklyn, NY ', 5], ['moneyles from Boston, MA ', 5], ['Atanak18 from Ottawa, ON ', 4], ['meredith_cheryll from Ottawa ON ', 4], ['jkml from Philadelphia, PA ', 5], ['adriennemiller from Downingtown, PA ', 5], ['theissy from Boston ', 3], ['lmeyer from Houston, TX ', 5], ['adriennemiller from Downingtown, PA ', 5], ['lharisay from NYC, NY ', 4], ['aylsworth245663 from Portland, OR ', 5], ['bas614 from Boston ', 5], ['pelicanscrash from Chicago ', 2], ['milehighmunchies from Denver, CO ', 5], ['bethstickney from Bermont ', 5], ['mrssammy from Vermont ', 5], ['gigiegge from Charlotte, NC ', 5], ['Magnificat2005 from Leesburg, VA ', 5], ['ecs03 from Los Angeles, CA ', 5], ['stephaniemgraham from Napa Valley, CA ', 5], ['andrews144 from Baltimore', 4]]"
292,Sheet-Pan Curry Pork Chops and Sweet Potatoes ,4.5,501.0,1056.0,22.0,39.0,"[['WIGDOWT from Asheville, NC ', 5], ['christiq from Reston, VA ', 5], ['stefanienano7868 from Chicago  ', 5], ['jeankauper from Los Angeles ', 5], ['hbuzulen from Phoenix, AZ ', 4], ['lizalyn1 from ny, ny ', 5], ['clenha01 from Michigan ', 5], ['genju from West Allis WI ', 5], ['tiamalk from Downingtown, PA ', 5], ['nataliekassabian3420 from Boston, MA ', 5], ['Mustlvdogs  from Portland, Oregon ', 5], ['imudge ', 3], ['sim0ne from Milwaukee, WI ', 3], ['AlexErnst from Louisville, KY  ', 4], ['janekgrossman7223 from CT ', 5], ['annevictoriabentley from Shelburne, VT ', 5], ['comidadeliciosa from Tucson, Arizona ', 5], ['chefche from Utah ', 5], ['paukenguy from Oakland, CA. ', 5], ['jtf2 from Los Angeles ', 5]]"
51,Sheet-Pan Pasta Bake with Chicken and Kale ,4.0,725.0,801.0,34.0,46.0,"[['huggmichelle9598 from Minneapolis, MN ', 5], ['carynmlombardo from Tilburg, the Netherlands ', 5], ['weaveaire952 from albuquerque ', 2], ['lgraham9 from Madison, WI ', 5], ['awjorgensen from East Bay, CA ', 4], ['ireneewright from chicago ', 2], ['rmbarr from Brooklyn ', 5], ['khjaco from Indy ', 4], ['moc29 from CT ', 4], ['sarahlecroy from Asheville  ', 2], ['johnboy112676895 ', 3], ['Heymutha@gmail.com from Newport Beach, CA. ', 5], ['branson1976 from Durham, NC ', 5], ['remicube from Northern California ', 5], ['ilexiou from Edmonds, WA ', 5], ['skrist01 from Ohio ', 2], ['jennkdavis from Bernau, Germany ', 4], ['stephaniebeckner from VA ', 5], ['jennyfeldmanlarocque from New York, NY ', 5], ['mura from BBrB ', 5], ['branson1976 from Durham, NC ', 5], ['rainblossom82 from Washington ', 3], ['shaz_cooks from NYC ', 4], ['jlelliott from Madison, WI ', 5], ['lleslieanderson from SF Bay Area ', 2]]"
49,Sheet-Pan Roasted Squash and Feta Salad ,4.5,525.0,679.0,40.0,12.0,"[['mags425 ', 4], [""ksadamson from Coeur d'Alene, Idaho "", 5], ['thedebster19919437 from California  ', 5], ['alanna_russell from LA, CA ', 4], ['landre from Milwaukee, WI ', 2], ['mainers ', 3], ['tomkennit from Canada ', 4], ['lnp515 from NYC ', 5], ['forevagreenearth from Chicago, IL ', 5], ['scootermom ', 5], ['jansan1 from Orange County, CA. ', 5]]"
120,"Sheet-Pan Skirt Steak With Balsamic Vinaigrette, Broccolini, and White Beans ",4.5,820.0,977.0,56.0,45.0,"[['bamohr from Omaha, NE ', 4], ['dstephenson5 from Washington, DC ', 5], ['ladimcbeth from Los Angeles, CA ', 5], ['wilkcj04 from Raleigh, NC ', 5], ['emsmandms from NYC ', 5], ['kundwild from Walpole, ma ', 5], ['cathy2e_toohey from CA ', 5], ['amychasenh from Alton, NH ', 5], ['vshapi from Los angeles ', 5], ['Habanero84 from Sonora, CA ', 3], ['26thpeggy from Warrenton, VA ', 4], ['plgraham from Southern Ontario ', 5], ['lshilton from Austin, TX ', 5], ['bluegillgirl from Salt Lake City, Utah ', 5], ['giselavaitaitis from Denver, Colorado ', 5], ['osterstock from Ladera Ranch, CA ', 4], ['christina_wilson from Lake Elsinore, CA ', 5], ['ChefAtHome from Los Angeles, CA ', 4], ['mancie98 from New Jersey ', 4], ['petittir from Indiana ', 5], ['kathwalker from Brooklyn ', 5], ['arhineha from Orlando, FL ', 5], ['intothebend from South Bend, IN ', 5], ['heybooboo ', 3], ['flyintocook ', 2]]"
122,Sheet-Pan Steak Fajitas ,4.5,661.0,904.0,31.0,34.0,"[['bbwms441273 from Charlottesville, VA ', 4], ['lorenzana ', 2], ['lshoemaker from British Columbia ', 5], ['Linda1963 from Gold Canyon, Az ', 4], ['cwmadsen from Sioux Falls, SD ', 5], ['lizzydlangley from St. Louis ', 5], ['fberenson from Southport, NC ', 4], ['ncollings from New York ', 5], ['lindsay_betz from Charlotte, NC ', 5], ['ERyder from Washington, DC ', 4]]"
114,Shrimp Poached in Coconut Milk with Fresh Herbs (Yerra Moolee) ,4.0,2013.0,12856.0,64.0,312.0,"[['sgutewall from St Paul MN ', 5], ['clairehassid from Forest Hills, NY ', 5], ['jsto from Toronto, ON ', 4], ['erika827 ', 5], ['bunnyb1970 from Montreal  ', 5], ['Jerryv from Chicago IL ', 4], ['karditi from NY ', 5], ['sjsymonds from Herndon, VA ', 4], ['Joanzehenderson  from Santa Fe NM ', 5], ['jackhb from Baltimore, MD ', 5], ['kariejohn from San Diego, CA ', 4], ['Makbholloway from Baltimore ', 2], ['alsado9988 from Federal Way Wa ', 4], ['nevarchef from Austin, TX ', 2], ['kenpimentel3 from rockville, md ', 5], ['rieweeg from Sacramento, CA ', 4], ['cameron_hold from Springfield, MA ', 4], ['lovestoputter ', 3], ['lchasson from Milan, Italy ', 5], ['ash74 from Beirut ', 3], ['smokeoutque from Richmond, VA ', 4], ['vgheebee from San Diego, CA ', 5], ['jbparsons from Indiana ', 2], ['jbparsons from Indiana ', 2], ['lynda22 from Bristish Columbia  ', 2]]"
192,Shrimp with Herby White Beans and Tomatoes ,4.5,578.0,1151.0,23.0,34.0,"[['tosca83 from Texas ', 3], ['audidog from PA ', 5], ['ktklim from Michigan ', 5], ['bodaciouscook from Sarasota, Florda ', 3], ['cmccabe from Huntington Beach, CA ', 5], ['flagg ', 5], ['delaniepope from Grand Rapids ', 5], ['bikap ', 5], ['blwyxx4163 from Salt Lake City, UT ', 5], ['blwyxx4163 from Durango, CO ', 5], ['scrooge_fan from Machesney Park, IL ', 5], ['charface from Portland, OR ', 5], ['kmender1 from NY, NY ', 5], ['ginapos from Philly ', 5], ['kjbbmommy from Attleboro, MA ', 5], ['delaniepope from Michigan ', 5], ['beachcats from Santa Monica, CA ', 3], ['catdellinger from North Danville, Vermont ', 5], ['jenpost1556 from Stoughton, WI  ', 5], ['lkaaha from San Jose, CA ', 5], ['rachtherose from Los Angeles ', 5], ['dsarosik1 from Lake Tahoe ', 5], ['dawntreader3731425 from Los Angeles, CA ', 4], ['jerirecipes from North Myrtle Beach, SC ', 5], ['asholady from New Orleans, LA ', 5]]"
188,Skillet Chicken and Zucchini Enchiladas with Tomatillo Sauce ,5.0,458.0,1825.0,21.0,31.0,"[['lmasterson from Venice, CA ', 5], ['LynnLWilliamson from Colorado ', 5], ['blazar1994294 from Houston, TX ', 5], ['Trashpanda420 from San Diego, California  ', 5], ['suzespe from Treasure Island, FL ', 5], ['kristinsrussell2347 from Kansas City, MO ', 5], ['mclepicur from Boston, MA ', 5], ['embo66 from RVA ', 5], ['hannahmasters from Nashville, TN ', 5], ['enpeco2 from New Orleans, LA ', 5], ['clararaa from Colorado ', 5], ['calistam from Seattle ', 5], ['benedetto from NYC ', 5], ['brushjl from solon, ohio ', 5], ['savorygoodness from Cartersville USA ', 5], ['jellis14 from Arlington, MA ', 5], ['lschmidt from Portland, OR ', 4], ['mostlymeg ', 5], ['johnclementwats from Middletown, CT ', 5], ['scunningham from White plains ny ', 5], ['sarahnicole529 from Austin, TX ', 5], ['ginaliening from seattle ', 2], ['jansan1 ', 3], ['sbpoll from Houston ', 5], ['tamlrose from Michigan ', 5]]"
284,"Skillet Phyllo Pie with Butternut Squash, Kale, and Goat Cheese ",4.5,543.0,839.0,28.0,24.0,"[['laurainegibbons from Los Angeles ', 5], ['teacherhansen from Minneapolis ', 5], ['bretter from Mill Valley, CA ', 5], ['andreat49 from Maryland ', 5], ['brushjl from solon, ohio ', 5], ['cbpappas from Chicago, IL ', 5], ['laurainegibbons from Los Angeles, CA ', 5], ['calanct from San Francisco ', 3], ['grv12345 from Washington ', 3], ['starchgirl from Cleveland ', 4], ['meskue from L.A. ', 5], ['kpalmer747 from Sweden ', 4], ['amyhenriott ', 3], ['laurainegibbons from Los Angeles, CA ', 5], ['msandersen2155 from Greensboro, NC ', 5]]"
191,Slow Cooker Pork Shoulder with Zesty Basil Sauce ,4.5,469.0,289.0,45.0,8.0,"[['loriltx from Houston ', 5], ['sbfrank from Orange county ca ', 4], ['granolapaige from Alabama ', 5], ['angelasingerlady from Holly Springs, NC ', 5], ['cirish from Colorado ', 5], ['Trashpanda420 from San Diego, California  ', 5], ['jmurp from Raleigh, NC ', 5], ['lajones from Oakland, CA ', 2], ['saltairelife from Seattle ', 5], ['isits from Oregon ', 5], ['chrisandnathalie ', 2], ['megan_hilga from Portland, OR ', 5], ['mairzi from Holyoke, MA ', 4], ['efgs from southern Ontario ', 2], ['m_bawn from Newmarket, ON ', 5], ['gstallings from Denver, CO ', 3], ['RosaR56 from Rockford, Illinois  ', 2], ['sschechtel from Washington, DC ', 5], ['jantomas from Texas ', 4], ['eljoy from Carlsbad, CA ', 5], ['glitterygarden from Baltimore, MD ', 5], ['feebs22 from Boise, ID ', 5], ['frantastic13 from Near Pittsburgh ', 2], ['bevoxv from Pearland, TX ', 5], ['bbpearson ', 2]]"
178,Slow-Cooker Chicken Congee ,4.5,318.0,807.0,8.0,30.0,"[['paweldroz from Chicago ', 5], ['burleyson7058 from Charlotte, NC ', 5], ['someonewhobakes from Orange, CA ', 5], ['ajbarr from Central OR ', 5], ['ratdogmom from Ontario, Canada ', 5], ['phyllis1_ from Louisiana ', 5], ['mulch from Alabama ', 2], ['jujuloafer from Lynn, MA ', 5], ['elntru ', 5], ['frantastic13 from Near Pittsburgh ', 2], ['artries1238 from Phoenix azZAZoePhoenixnix az ', 5], ['emancha from Montclair, CA ', 4], ['jng from USA ', 4], ['hugglesbe from MMahwah, nj ', 5], ['ktkell from Lincoln, NE ', 5]]"
277,Slow-Cooker Chipotle-Orange Pork Tacos ,4.5,681.0,1198.0,43.0,61.0,"[['d7 from Louisville, KY ', 5], ['nancystarr from Canada ', 4], ['gaelyneleslie from Toronto ', 5], ['alenarz from Minneapolis, MN ', 5], ['suzinsf from San Francisco, CA ', 4], ['ncm209 from Southofboston ', 4], ['wineho from New OrleansLa. ', 4], ['wayne3177 from Tucson ', 5], ['Brycebarsness5@gmail.com  from Fargo, ND ', 5], ['karenlecates from Atlanta, GA ', 5], ['ejtidd from nowhere in particular ', 5], ['mbbeatley from Alexandria VA ', 5], ['pigtracks from Colorado Front Range ', 4], ['suzglass from Birmingham, AL ', 5], ['plgraham from southern ontario ', 5], ['eandcinthekitchen ', 5], ['LizaOlson91 from Los Angeles ', 5], ['cincisusan from Cincinnati ', 5], ['trirod01 from Toledo, Ohio  ', 5], ['SusanChicago from Lakeside, Michigan ', 5], ['jroberts1957 from Sequim,Wa ', 4], ['kararabago ', 4], ['mika53 from Caux-et-Sauzens France ', 2]]"
90,Slow-Cooker White Chicken Chili ,4.0,572.0,1592.0,10.0,53.0,"[['zzaj74 from Sweden  ', 5], ['mganger1129 from NC ', 3], ['n2dzine2 from Utah ', 4], ['choirboy ', 2], ['acerett11 from California  ', 4], ['lolacohen from Bellevue WA ', 3], ['mertracy2348 from Baltimore,  MD ', 5], ['constarcx ', 4], ['keberle47 from LA ', 3], ['susanpohl3445 from Houston  ', 5], ['KM0108 from New York NY ', 5], ['ecse from Sauk Centre, MN ', 4], ['Britamux from Minneapolis, MN ', 2], ['jhc4631 from Portland, OR ', 5], ['jabgraham4049 from Mississippi ', 5], ['jasminestar552087 from Oakland, CA ', 4], ['miriamg from Los Angeles, CA ', 5], ['sunandsand from Sanibel FL ', 5], ['jellis14 from Arlington, MA ', 5], ['kevin_cantwell from Brooklyn, NY ', 5], ['jediw from Bay Area ', 2], ['nellerengaw from Rochester NY ', 4], ['lecknox from SF Bay Area ', 5], ['michealmein from Phoenix  ', 5], ['nancyellen90041 from Los Angeles, CA ', 3]]"
44,Spanish Frittata with Herby Yogurt and Greens ,4.5,351.0,716.0,20.0,21.0,"[['tricicla from Spain ', 3], ['alinaccohen9054 from Brooklyn, NY ', 5], ['lisakelly ', 5], ['jnfailey from Harbor Springs, MI ', 5], [""ksadamson from Coeur d'Alene, Idaho "", 5], ['liseh from Vermont ', 2], ['julia28 from Miami, FL ', 5], ['jerirecipes from North Myrtle Beach, SC ', 5], ['keech from Calgary, AB, Can ', 5], ['mstgeorge001 from New York, NY', 5], ['jodyinla from Pacific Palisades, CA ', 5], ['speech_chic from Broken Arrow, OK ', 5], ['daveawinter from Calgary ', 5], ['john_muldo from Livermore, CA ', 4]]"
134,Spicy Black Bean and Corn Tacos ,5.0,827.0,940.0,44.0,25.0,"[['dustyb from NYC ', 4], ['sas1149 ', 5], ['MeCookFood from Blacksburg, VA ', 5], ['c_fulgham9222 from Ottawa ON ', 5], ['cbg13001 from Chicago  ', 5], ['lilybud from Philadelphia suburbs ', 5], ['mcarthdi from Toronto ', 5], ['mkunkel from Indiana ', 5], ['bkgorman72 from Houston, TX ', 5], ['amylo from Ridgewood, NJ ', 5], ['EmLipp from Cincinnati, OH ', 5], ['msgbdg@gmail.com from Canton, MI ', 5], ['ajv1 from Boston, MA ', 5], ['MeCookFood from Blacksburg VA ', 5], ['wheedle from Manhattan ', 4], ['nrlong1 from Reston, VA ', 5], ['Knutty811 from Maryland ', 5], ['fairsari from Ottawa, Canada ', 5], ['spsun3416 from MD ', 5], ['margiggles from Miami, FL  ', 5], ['csuhr ', 5], ['andreahad from Geneva ', 5], ['seattletaste from Seattle, WA ', 5], ['kukkula from Paso Robles, CA ', 5]]"
67,Stuffed Sweet Potatoes with Beans and Guacamole ,4.5,733.0,1509.0,34.0,23.0,"[['Svartsjo from Stockholm, Sweden ', 5], ['cjhallberg ', 5], ['karapossum from Charlotte, NC ', 3], ['loriltx from Houston ', 5], ['sheri2 from New Jersey  ', 5], ['lnhalverson from Seattle, WA ', 4], ['onestitch from Falls Church, VA ', 3], ['meghaneandrews from Greater Boston,  MA ', 4], ['mags425 from Colorado ', 5], ['jerirecipes from SC ', 4], ['rahappygirl from League City, TX ', 4], ['ps826@att.net from Texas via New Jersey ', 5], ['ps826@att.net from San Antonio, TX ', 5], ['leenieloo from Mundelein, IL ', 5], ['ilyssa2 from NY, NY ', 5], ['riverniles from Dallas, TX ', 5], ['RPVeg from Kenya ', 5], ['thompsonae from PA ', 3], ['Ash&Midge ', 5], ['golobolbol ', 5], ['andreaneronero from Albany, NY ', 5], ['lambr from Connecticut  ', 5], ['nick_wahl1 from Minneapolis, MN ', 5], ['jbully0 from Aurora ', 5], ['rudolphprather from San Diego ', 5]]"
123,Stuffed Sweet Potatoes with Curried Chickpeas and Mushrooms ,3.5,652.0,1364.0,24.0,22.0,"[['pcclaudia from QC, Canada ', 5], ['martiz43 from NYC, NY ', 4], ['tori_ellen_g_k from New Zealand ', 4], ['mborts from St. Louis ', 5], ['germangirlheidi from Park Ridge, IL ', 5], ['birgitlh from Philadelphia, PA ', 4], ['amerikanerin from Ann Arbor, MI ', 3], ['alyssakate01 from Nantucket, MA ', 4], ['knotfun11 from Fort Worth, tx ', 2], ['bjml54581 from Chicago, IL ', 5], ['blsteil ', 2], ['alansubo ', 4], ['tracielo from Calgary ', 2], ['pfs2h from Charlotteville, VA ', 2]]"
70,"Summer Corn, Tomato, and Salmon Salad with Za'atar Dressing ",4.5,810.0,1372.0,53.0,40.0,"[['marcymann152394 from NY, NY ', 5], ['fantastechhuzefa from India ', 5], ['psychoforkaatz ', 2], ['wilsmatt27 from Toronto  ', 5], ['thompsonae from Pittsburgh ', 5], ['foodie63 from Toronto, Ontario Canada ', 5], ['kellington from Amsterdam ', 5], ['parkersuzannem from Durango, CO ', 5], ['emjewe ', 5], ['jpriest from Columbus, OH ', 5], ['skhercules from Denver ', 5], ['kerricolbert from Santa Cruz, Ca ', 5], ['giselavaitaitis from Denver,CO ', 5], ['iwwinegal from California ', 5], ['insatiablebonvivant from Chicago ', 2], ['gumboboy from Rochester NY ', 5], ['mdeang2003 from Philadelphia ', 5], ['twirlygirly from Warwick, RI ', 5], ['amandag21 from Chicago, IL  ', 5], ['cvdhmd from Chapel Hill, NC ', 5], ['GeorgeBray_1986 from New York, NY ', 5], ['mcash4 ', 5], ['lhhh from Dallas, TX ', 5], ['kit67 from Berea, OH ', 4], ['ioana from Romania ', 4]]"
78,Thai Red Curry with Butternut Squash and Chickpeas ,4.5,502.0,1055.0,31.0,12.0,"[['francoiscat from Boston, MA ', 5], ['shmecca1 from Los Angeles, CA ', 3], ['lmrice from kansas city, MO ', 4], ['rebeccadickson from NYC ', 5], ['lourdesjeanne from New York ', 4], ['nbennison from Amherst, NH ', 5], ['A Cook from New York, NY ', 4], ['catlivesupstairs ', 4], ['MarcyW1a ', 5], ['sarah12jones212212312 from <a href=""http:', 1], ['Emily5260 from Washington, DC ', 4], ['laura32469 from Shepherdstown, WV ', 2], ['glorydaze716 from Israel ', 1], ['nbennison from Amherst, NH ', 4], ['longmeadowcook from Longmeadow, MA ', 5], ['aecullen ', 1], ['appymtngirl ', 5], ['esklee from San Francisco, CA ', 4], ['brittneym from Portland, OR ', 1], ['PNW_Cook from Seattle area ', 3], ['Starrysheep from Ft. Lauderdale, FL ', 5], ['ericamrosen ', 5], ['dishoncooking from Boston, MA ', 5], ['A Cook from MA ', 5]]"
281,The Winterized Penicillin ,4.0,959.0,13.0,0.0,1.0,"[['114Italianate from Johnstown, NY ', 5], ['theresa0420 from Fleming island, Florida  ', 5], ['gall from Mission Hills, KS ', 5], ['cynmchugh53 from La Mesa, CA ', 4], ['samhanlj from FL ', 5], ['malsie from Baltimore, MD ', 4], ['justin_hughey ', 2], ['rvbaski from Richmond, VA ', 5], ['elsaf from Detroit, MI ', 2], ['jrsebestyen from Boston, MA ', 1], ['vgerin from Kanfen, France ', 1], ['vgerin from Kanfen, France ', 1], ['sudsontop from Fernandina Beach, FL ', 1]]"
255,Tomato and Cannellini Bean Soup ,5.0,219.0,858.0,10.0,9.0,"[['Musdy0454 from Toronto, Ontario, Canada ', 4], ['allettatate ', 5], ['rhutcheson from WI ', 5], ['mgildea from Tustin, ca ', 5], ['jraderj from Haarlem, NL ', 5], ['bugthecat from Ottawa ', 4], ['colettestp from Montreal, Canada ', 4], ['mielober from IITutsstanbul, Turkey ', 5], ['jchahboune from ta, GA ', 5], ['moonlover123XxX from Wexford,Ireland  ', 5], ['sandyps from Malibu, CA ', 5], ['karditi from NY ', 5], ['aetolliver from New York, NY ', 4], ['judekazmaier from Texas ', 5], ['oliveoil62 from Olympia, WA ', 4], ['denise_g1 from Anguilla, BWI  ', 5], ['katemur ', 5], ['arnold from Bethlehem ', 5], ['jtryczak from Three Lakes, WI ', 5], ['kbwaldman from CT ', 1], ['gpakl5 from Buffalo, NY ', 5], ['kmorrobay from California ', 5], ['pinkyallen from northern California ', 5], ['tbitzer ', 5], ['mflynch from San Jose, CA ', 5]]"
146,Tuna and Artichoke Cooler-Pressed Sandwiches ,4.5,188.0,483.0,5.0,15.0,"[['questrist ', 3], ['michaelwryan19573965 from Provo,UT ', 5], ['bennette from Waretown, NJ ', 5], ['ophy ', 5], ['Sue99 from Ottawa, Canada ', 5], ['kbidstrup from San Francisco, CA ', 4], ['A Cook from LA, CA ', 5], ['katiehogan from Binghamton, NY ', 5], ['Yelowbunnie from Chicago, IL ', 5], ['akalish from New York, NY ', 1], ['ontanedamarisol from Washington ', 1], ['lexschmidt from philadelphia, pa ', 1]]"
84,Turmeric-Ginger Chicken Soup ,4.0,953.0,1551.0,45.0,65.0,"[['Enlozinak from Southport, CT ', 5], ['Purplesimon from Atlanta, Ga ', 5], ['smadame from Boston, MA ', 4], ['bltsa from Bremerton, WA ', 4], ['jrnalls from Richton Park, IL ', 2], ['jrnalls from Richton Park, IL ', 4], ['rachelainak1225 from Orlando, FL ', 5], ['five_eighths_inch ', 5], ['amyhenriott ', 4], ['ffran from vverervVTVT ', 3]]"
41,Twice-Baked Butternut Squash With Parmesan Cream and Candied Bacon ,4.5,356.0,355.0,30.0,7.0,"[['OldMountainMan from Hull, MA ', 5], ['Dale G. from Grand Rapids, MI ', 5], ['jansan1 from Orange County, CA ', 5], ['ddgaks from NC ', 4], ['cookbooker from Dallas, TX ', 5], ['pfield from Overland Park, KS ', 2], ['jonbp from Lodi, CA ', 2], ['macrina440 from Port Townsend, WA ', 5], ['lizjacques from Salem, MA ', 5], ['wrflanagan from New York ', 5], ['kpalmer747 from Sweden ', 5], ['sherryhusa from Plainfield, IL ', 5], ['anyccook from New York, NY ', 5], ['TaMaruccia from Beverly Hills, CA ', 4], ['TaMaruccia from Beverly Hills, CA ', 4], ['cookbooker ', 5], ['Samara73 from Montpelier, VT ', 5], ['cookbooker from San Francisco, CA ', 5], ['mvantine from Denver, CO  ', 5]]"
133,Vegetarian Brown Rice Salad With Parsnips and Whipped Ricotta ,4.5,1040.0,1047.0,75.0,20.0,"[['jchahboune from Atlanta, GA ', 4], ['francoiscat from Seattle, WA ', 4], ['andreayung23 from Northern California ', 3], ['hannahmattina ', 5], ['hannahmattina from michigan ', 4], ['las243 from Wellington FL ', 5], ['cjfkirsch from Somerville, MA ', 5], ['a_warriner21 from Lexington, KY ', 5], ['blueberryshake from Brooklyn  ', 5], ['lindabw44 from Paradise Valley, AZ ', 5], ['twocat74 from Connecticut ', 5]]"
55,Veggie Burgers with Zucchini and Corn ,3.5,708.0,733.0,41.0,20.0,"[['keritilman from Newport, RI ', 2], ['Maddie Hj from Cape Cod, MA ', 3], ['jasmine00 from Santa Rosa, CA ', 4], ['kek2char5134 from Ohio ', 5], ['mrsmasterchief from Islamorada, FL ', 3], ['srmski from Mound, MN ', 2], ['betsyannie1970 from Richmond, VA ', 5], ['ditw from Islamorada, FL ', 3], ['gbsk12 from Alaska ', 4], ['jfbmd from Colorado ', 4], ['kitchensal701 from MI ', 2], ['elissa_anderss from Chicago  ', 4], ['raneylorene from Bergamo,Italy ', 2], ['alaskabasin from St Louis, MO ', 4], ['avery_ka from Michigan  ', 5], ['NightowlKnitter from Maryland ', 3]]"
260,Very Versatile Baked Beans With Cabbage ,5.0,139.0,539.0,9.0,3.0,"[['W Nagy from Monessen, PA ', 5], ['Dusty411 from Portland, OR ', 5], ['speacock231309 from Niagara-on-the-Lake, Ontario, Canada ', 5], ['Mossi from Kitchener, ON ', 5], ['llaaaj from Virginia Beach ', 4], ['taacct.alpha7619 from Manila ', 5], ['lilj424 from Vancouver, BC ', 5], ['bbornstein2 from Lincoln NE ', 4], ['heatherpc from Canada ', 5], ['mariepea from Greenville, SC ', 5], ['baltimoreamateur from Baltimore, MD ', 5], ['wheedle from Manhattan ', 4], ['amyhenriott ', 5], ['arbroun from Washington DC ', 5], ['karensja from baltimore ', 5], ['nightfall from Baltimore, Md ', 3], ['kael ', 5], ['lsvo1 from Brooklyn, NY ', 5], ['annswanson51 from Tx ', 5], ['i_plus_i from Ontario, Canada ', 5], ['lauren.lege1645 from Florida ', 5]]"
216,Vietnamese-Style Spaghetti Squash “Noodle” Bowls with Skirt Steak ,4.5,503.0,1574.0,34.0,29.0,"[['lfox18 from Ballston Lake, NY ', 5], ['hairbrain from Montrose, CO ', 5], ['lschmidt from Portland, OR ', 3], ['tgbcooks ', 4], ['graceross from OtaOttawa ', 5], ['dmatale from New York, NY ', 5], ['mariemichellevu from Vietnam ', 3], ['sgkritz from California  ', 4], ['lissa_b from Norfolk, Massachusetts ', 2], ['thar from San Francisco, CA ', 5], ['jeneric1507 from NJ ', 5], ['stu210 from Denver, CO ', 5], ['cindyboyett from Goochland, VA ', 5], ['mksweh from Rye, NY ', 5], ['polkadotbats from Cincinnati, OH ', 1], ['anitamarcoff from Oregon ', 5], ['spud17 from Lexington, KY ', 1], ['Ambrozia911 from Dallas, TX ', 1], ['schatzca from Boston ', 1], ['Lynnied from Portola Valley, CA ', 5], ['julieacook from Ontario, Canada ', 5]]"
116,White Bean Salad with Lemon and Cumin ,4.0,157.0,226.0,11.0,4.0,"[['deaJay from AZ ', 5], ['mags425 ', 5], ['Jamarcotte  from Chicago  ', 4], ['wonsuponatime from Los Angeles, CA ', 5], ['skhercules from Denver ', 4], ['gailod1 from Fairfax, VA ', 1], ['pocketbomb from brooklyn, ny ', 3], ['kuchyn from Prague, CZ ', 5], ['LHurley from London, UK ', 1], ['A Cook from Minneapolis, MN ', 5], ['shesamosergirl from Charleston, SC ', 5], ['A Cook from wethersfield, ct ', 2], ['topstewer from Tilburg, the Netherlands ', 4], ['skinnyboy from Chester, England ', 3], ['WarauOkami ', 2], ['A Cook from Dallas, TX ', 4], ['A Cook from Burlington, VT ', 5], ['RachelFeldman from Bend, OR ', 4], ['marilynnergord from Carmel, Ca ', 5]]"
194,Winter Squash Soup with Gruyère Croutons ,4.5,513.0,617.0,20.0,20.0,"[['tiareb from Santa Barbara, CA ', 5], ['slug from Tokyo ', 5], ['jamcnish from Toronto, ON ', 5], ['garlicbutter from Mechanicsville, VA ', 1], ['RTPDC from Washington, DC ', 5], ['ldhitch from Loveland, OH ', 5], ['KTCooks4 from Chicago, Il ', 5], ['abanka from Durham, NC ', 1], ['katya917 from Lake Forest, CA ', 5], ['Dominique03 from Houston, TX ', 5], ['katya917 from Lake Forest, CA ', 3], ['nolee from CT ', 5], ['catwoman7 ', 5], ['Iancookery ', 5], ['forinowahl from Chagrin Falls, OH ', 5], ['foodie8 ', 5], ['foodie8 from Potomac, Md. ', 5], ['leslieogden from Ventura, CA ', 4], ['A Cook from Brooklyn ', 1], ['countrycooker from Glen Rock, PA ', 5], ['juliunruly ', 5], ['soozseq from California ', 5], ['klgils from Port St. Lucie, FL ', 5], ['A Cook from DC ', 5], ['A Cook from Toronto ', 5]]"
219,Yogurt-Braised Chicken Legs with Garlic and Ginger ,4.5,900.0,1563.0,56.0,57.0,"[['Danielle111 from Montreal ', 5], ['jdpalvere4841 from Minneapolis, MN ', 5], ['ilyssa2 from NY, NY ', 2], ['Carleen87 ', 5], ['rachel3886 from Baltimore, MD ', 3], ['rbrandsix from US ', 4], ['madamelachef from France ', 5], ['catstory59 from Boston MA ', 4], ['truilo from Ormond Beach, FL ', 4], ['souricette from Montréal, Québec, Canada  ', 5], ['cleo_fee828 from Munich, Germany ', 5]]"
